{"offline_id": "444173e7d2254509b75c6e2b16ed4ab3", "project_name": "yolov5", "start_time": 1710559256098, "stop_time": 1710559583607, "tags": [], "workspace": null, "resume_strategy": "create", "customer_error_reported": true, "customer_error_message": "Unexpected error detected in the user script: RuntimeError('CUDA error: unknown error\\nCUDA kernel errors might be asynchronously reported at some other API call,so the stacktrace below might be incorrect.\\nFor debugging consider passing CUDA_LAUNCH_BLOCKING=1.')", "user_provided_experiment_key": false, "comet_start_sourced": false}