{"offline_id": "ff1787d40fe546a6b599aff558baeacf", "project_name": "yolov5", "start_time": 1710419686951, "stop_time": 1710419884031, "tags": [], "workspace": null, "resume_strategy": "create", "customer_error_reported": true, "customer_error_message": "Unexpected error detected in the user script: OutOfMemoryError('CUDA out of memory. Tried to allocate 40.00 MiB (GPU 0; 6.00 GiB total capacity; 5.37 GiB already allocated; 0 bytes free; 5.42 GiB reserved in total by PyTorch) If reserved memory is >> allocated memory try setting max_split_size_mb to avoid fragmentation.  See documentation for Memory Management and PYTORCH_CUDA_ALLOC_CONF')", "user_provided_experiment_key": false, "comet_start_sourced": false}