{"offline_id": "a7b6854608bf4d7990257ec659af81ed", "project_name": "yolov5", "start_time": 1713032950653, "stop_time": 1713032962522, "tags": [], "workspace": null, "resume_strategy": "create", "customer_error_reported": true, "customer_error_message": "Unexpected error detected in the user script: RuntimeError('Error(s) in loading state_dict for DetectionModel:\\n\\tsize mismatch for model.24.m.0.weight: copying a param with shape torch.Size([21, 128, 1, 1]) from checkpoint, the shape in current model is torch.Size([24, 128, 1, 1]).\\n\\tsize mismatch for model.24.m.0.bias: copying a param with shape torch.Size([21]) from checkpoint, the shape in current model is torch.Size([24]).\\n\\tsize mismatch for model.24.m.1.weight: copying a param with shape torch.Size([21, 256, 1, 1]) from checkpoint, the shape in current model is torch.Size([24, 256, 1, 1]).\\n\\tsize mismatch for model.24.m.1.bias: copying a param with shape torch.Size([21]) from checkpoint, the shape in current model is torch.Size([24]).\\n\\tsize mismatch for model.24.m.2.weight: copying a param with shape torch.Size([21, 512, 1, 1]) from checkpoint, the shape in current model is torch.Size([24, 512, 1, 1]).\\n\\tsize mismatch for model.24.m.2.bias: copying a param with shape torch.Size([21]) from checkpoint, the shape in current model is torch.Size([24]).')", "user_provided_experiment_key": false, "comet_start_sourced": false}