{"payload":{"installed_packages":["absl-py==2.0.0","astor==0.8.1","attrs==23.2.0","beautifulsoup4==4.12.2","brotli==1.0.9","cachetools==5.3.2","certifi==2023.5.7","cffi==1.16.0","charset-normalizer==3.1.0","colorama==0.4.6","coloredlogs==15.0.1","comet-ml==3.39.0","configobj==5.0.8","contourpy==1.1.1","cryptography==41.0.3","cycler==0.12.1","cython==3.0.7","decorator==5.1.1","dulwich==0.21.7","everett==3.1.0","filelock==3.13.1","flatbuffers==23.5.26","fonttools==4.47.0","fsspec==2023.10.0","gdown==4.7.1","gitdb==4.0.11","gitpython==3.1.41","gmpy2==2.1.2","google-auth==2.25.2","google-auth-oauthlib==1.0.0","grpcio==1.60.0","humanfriendly==10.0","idna==3.4","imageio==2.33.1","imgviz==1.7.4","importlib-metadata==7.0.1","importlib-resources==6.1.1","jinja2==3.1.2","jsonschema==4.21.1","jsonschema-specifications==2023.12.1","kiwisolver==1.4.5","lazy-loader==0.3","markdown==3.5.1","markdown-it-py==3.0.0","markupsafe==2.1.1","matplotlib==3.7.4","mdurl==0.1.2","mkl-fft==1.3.8","mkl-random==1.2.4","mkl-service==2.4.0","mpmath==1.3.0","natsort==8.4.0","networkx==3.1","numpy==1.24.3","oauthlib==3.2.2","opencv-python==4.8.1.78","opt-einsum==3.3.0","packaging==23.2","paddle-bfloat==0.1.7","paddlepaddle-gpu==2.4.2","pandas==1.4.4","pillow==10.0.1","pip==23.3.1","pkgutil-resolve-name==1.3.10","protobuf==3.20.0","psutil==5.9.7","py-cpuinfo==9.0.0","pyasn1==0.5.1","pyasn1-modules==0.3.0","pycocotools-windows==2.0.0.2","pycparser==2.21","pygments==2.17.2","pyopenssl==23.2.0","pyparsing==3.1.1","pyqt5==5.15.10","pyqt5-qt5==5.15.2","pyqt5-sip==12.13.0","pyreadline3==3.4.1","pysocks==1.7.1","python-box==6.1.0","python-dateutil==2.8.2","pytz==2023.3.post1","pywavelets==1.4.1","pyyaml==6.0.1","qtpy==2.4.1","referencing==0.33.0","requests==2.30.0","requests-oauthlib==1.3.1","requests-toolbelt==1.0.0","rich==13.7.1","rpds-py==0.18.0","rsa==4.9","scipy==1.10.1","seaborn==0.13.0","semantic-version==2.10.0","sentry-sdk==1.42.0","setuptools==68.2.2","simplejson==3.19.2","six==1.16.0","smmap==5.0.1","soupsieve==2.5","sympy==1.12","tensorboard==2.14.0","tensorboard-data-server==0.7.2","termcolor==2.4.0","thop==0.1.1.post2209072238","tifffile==2023.7.10","torch==1.13.1+cu117","torchaudio==0.13.1+cu117","torchvision==0.14.1+cu117","tqdm==4.66.1","typing-extensions==4.7.1","ultralytics==8.1.2","urllib3==2.0.2","websocket-client==1.3.3","werkzeug==3.0.1","wheel==0.41.2","win-inet-pton==1.1.0","wrapt==1.16.0","wurlitzer==3.0.3","zipp==3.17.0"],"local_timestamp":1713032950660,"message_id":1},"type":"ws_msg"}
{"payload":{"env_details":{"command":["train.py","--batch","16","--epochs","80","--data","DataSet.yaml","--weights","yolov5s.pt","--device","0","--name=calling_smoking"],"env":null,"hostname":"SunJarWorkshop","ip":"192.168.43.123","machine":"AMD64","os":"Windows-10-10.0.19041-SP0","os_release":"10","os_type":"Windows","pid":22800,"processor":"Intel64 Family 6 Model 165 Stepping 2, GenuineIntel","python_exe":"C:\\Users\\PC\\anaconda3\\envs\\mask\\python.exe","python_version":"3.8.5","python_version_verbose":"3.8.5 (default, Sep  3 2020, 21:29:08) [MSC v.1916 64 bit (AMD64)]","user":"PC"},"local_timestamp":1713032950676,"message_id":2},"type":"ws_msg"}
{"payload":{"gpu_static_info":[{"gpu_index":0,"name":"NVIDIA GeForce RTX 2060","power_limit":80000,"total_memory":6442450944,"uuid":"GPU-d84e718a-ea6b-a4c6-b3f0-b3ab002b2adb"}],"local_timestamp":1713032950723,"message_id":3},"type":"ws_msg"}
{"payload":{"local_timestamp":1713032950723,"message_id":4,"metric":{"epoch":null,"metricName":"sys.gpu.0.total_memory","metricValue":6442450944,"step":null}},"type":"metric_msg"}
{"payload":{"local_timestamp":1713032950723,"message_id":5,"param":{"paramName":"name","paramValue":"calling_smoking","source":"cli","step":null}},"type":"parameter_msg"}
{"payload":{"local_timestamp":1713032950723,"message_id":6,"param":{"paramName":"batch","paramValue":16,"source":"cli","step":null}},"type":"parameter_msg"}
{"payload":{"local_timestamp":1713032950723,"message_id":7,"param":{"paramName":"epochs","paramValue":80,"source":"cli","step":null}},"type":"parameter_msg"}
{"payload":{"local_timestamp":1713032950723,"message_id":8,"param":{"paramName":"data","paramValue":"DataSet.yaml","source":"cli","step":null}},"type":"parameter_msg"}
{"payload":{"local_timestamp":1713032950723,"message_id":9,"param":{"paramName":"weights","paramValue":"yolov5s.pt","source":"cli","step":null}},"type":"parameter_msg"}
{"payload":{"local_timestamp":1713032950723,"message_id":10,"param":{"paramName":"device","paramValue":0,"source":"cli","step":null}},"type":"parameter_msg"}
{"payload":{"local_timestamp":1713032950723,"log_other":{"key":"offline_experiment","val":true},"message_id":11},"type":"ws_msg"}
{"payload":{"local_timestamp":1713032950723,"log_other":{"key":"Name","val":"calling_smoking"},"message_id":12},"type":"ws_msg"}
{"payload":{"additional_params":{"assetId":"d37b255ee00f4b0782e693a3f49d04aa","context":null,"extension":"yaml","fileName":"DataSet.yaml","overwrite":false,"runId":null,"step":null},"clean":true,"file_path":"tmplzmijiyv","local_timestamp":1713032950723,"message_id":13,"metadata":{"type":"data-config-file"},"upload_type":"asset"},"type":"file_upload"}
{"payload":{"local_timestamp":1713032950723,"message_id":14,"metric":{"epoch":null,"metricName":"sys.gpu.0.gpu_utilization","metricValue":1,"step":null}},"type":"metric_msg"}
{"payload":{"local_timestamp":1713032950723,"message_id":15,"metric":{"epoch":null,"metricName":"sys.gpu.0.power_usage","metricValue":3877,"step":null}},"type":"metric_msg"}
{"payload":{"local_timestamp":1713032950723,"message_id":16,"metric":{"epoch":null,"metricName":"sys.gpu.0.temperature","metricValue":56,"step":null}},"type":"metric_msg"}
{"payload":{"local_timestamp":1713032950723,"message_id":17,"metric":{"epoch":null,"metricName":"sys.gpu.0.memory_utilization","metricValue":7,"step":null}},"type":"metric_msg"}
{"payload":{"local_timestamp":1713032950723,"message_id":18,"metric":{"epoch":null,"metricName":"sys.gpu.0.free_memory","metricValue":6076129280,"step":null}},"type":"metric_msg"}
{"payload":{"local_timestamp":1713032950723,"message_id":19,"metric":{"epoch":null,"metricName":"sys.gpu.0.used_memory","metricValue":366321664,"step":null}},"type":"metric_msg"}
{"payload":{"local_timestamp":1713032950723,"message_id":20,"metric":{"epoch":null,"metricName":"sys.gpu.0.percent.used_memory","metricValue":5.686060587565104,"step":null}},"type":"metric_msg"}
{"payload":{"local_timestamp":1713032950723,"log_other":{"key":"Created from","val":"YOLOv5"},"message_id":21},"type":"ws_msg"}
{"payload":{"local_timestamp":1713032950723,"log_other":{"key":"hasNestedParams","val":true},"message_id":22},"type":"ws_msg"}
{"payload":{"local_timestamp":1713032950723,"message_id":23,"param":{"paramName":"artifact_alias","paramValue":"latest","source":"manual","step":null}},"type":"parameter_msg"}
{"payload":{"local_timestamp":1713032950723,"message_id":24,"param":{"paramName":"batch_size","paramValue":30,"source":"manual","step":null}},"type":"parameter_msg"}
{"payload":{"local_timestamp":1713032950723,"message_id":25,"param":{"paramName":"bbox_interval","paramValue":-1,"source":"manual","step":null}},"type":"parameter_msg"}
{"payload":{"local_timestamp":1713032950723,"message_id":26,"param":{"paramName":"bucket","paramValue":"","source":"manual","step":null}},"type":"parameter_msg"}
{"payload":{"local_timestamp":1713032950723,"message_id":27,"param":{"paramName":"cache","paramValue":null,"source":"manual","step":null}},"type":"parameter_msg"}
{"payload":{"local_timestamp":1713032950723,"message_id":28,"param":{"paramName":"cfg","paramValue":"","source":"manual","step":null}},"type":"parameter_msg"}
{"payload":{"local_timestamp":1713032950723,"message_id":29,"param":{"paramName":"cos_lr","paramValue":false,"source":"manual","step":null}},"type":"parameter_msg"}
{"payload":{"local_timestamp":1713032950723,"message_id":30,"param":{"paramName":"data","paramValue":"C:\\Users\\PC\\Desktop\\graduation_project\\graduation_project\\yolov5\\data\\DataSet.yaml","source":"manual","step":null}},"type":"parameter_msg"}
{"payload":{"local_timestamp":1713032950723,"message_id":31,"param":{"paramName":"device","paramValue":"0","source":"manual","step":null}},"type":"parameter_msg"}
{"payload":{"local_timestamp":1713032950723,"message_id":32,"param":{"paramName":"entity","paramValue":null,"source":"manual","step":null}},"type":"parameter_msg"}
{"payload":{"local_timestamp":1713032950723,"message_id":33,"param":{"paramName":"evolve","paramValue":null,"source":"manual","step":null}},"type":"parameter_msg"}
{"payload":{"local_timestamp":1713032950723,"message_id":34,"param":{"paramName":"evolve_population","paramValue":"data\\hyps","source":"manual","step":null}},"type":"parameter_msg"}
{"payload":{"local_timestamp":1713032950723,"message_id":35,"param":{"paramName":"exist_ok","paramValue":false,"source":"manual","step":null}},"type":"parameter_msg"}
{"payload":{"local_timestamp":1713032950723,"message_id":36,"params":{"paramName":"freeze","paramValue":[0],"source":"manual","step":null}},"type":"parameter_msg"}
{"payload":{"local_timestamp":1713032950723,"message_id":37,"param":{"paramName":"hyp|anchor_t","paramValue":4.0,"source":"manual","step":null}},"type":"parameter_msg"}
{"payload":{"local_timestamp":1713032950723,"message_id":38,"param":{"paramName":"hyp|box","paramValue":0.05,"source":"manual","step":null}},"type":"parameter_msg"}
{"payload":{"local_timestamp":1713032950723,"message_id":39,"param":{"paramName":"hyp|cls","paramValue":0.5,"source":"manual","step":null}},"type":"parameter_msg"}
{"payload":{"local_timestamp":1713032950723,"message_id":40,"param":{"paramName":"hyp|cls_pw","paramValue":1.0,"source":"manual","step":null}},"type":"parameter_msg"}
{"payload":{"local_timestamp":1713032950723,"message_id":41,"param":{"paramName":"hyp|copy_paste","paramValue":0.0,"source":"manual","step":null}},"type":"parameter_msg"}
{"payload":{"local_timestamp":1713032950723,"message_id":42,"param":{"paramName":"hyp|degrees","paramValue":0.0,"source":"manual","step":null}},"type":"parameter_msg"}
{"payload":{"local_timestamp":1713032950723,"message_id":43,"param":{"paramName":"hyp|fl_gamma","paramValue":0.0,"source":"manual","step":null}},"type":"parameter_msg"}
{"payload":{"local_timestamp":1713032950723,"message_id":44,"param":{"paramName":"hyp|fliplr","paramValue":0.5,"source":"manual","step":null}},"type":"parameter_msg"}
{"payload":{"local_timestamp":1713032950723,"message_id":45,"param":{"paramName":"hyp|flipud","paramValue":0.0,"source":"manual","step":null}},"type":"parameter_msg"}
{"payload":{"local_timestamp":1713032950723,"message_id":46,"param":{"paramName":"hyp|hsv_h","paramValue":0.015,"source":"manual","step":null}},"type":"parameter_msg"}
{"payload":{"local_timestamp":1713032950723,"message_id":47,"param":{"paramName":"hyp|hsv_s","paramValue":0.7,"source":"manual","step":null}},"type":"parameter_msg"}
{"payload":{"local_timestamp":1713032950723,"message_id":48,"param":{"paramName":"hyp|hsv_v","paramValue":0.4,"source":"manual","step":null}},"type":"parameter_msg"}
{"payload":{"local_timestamp":1713032950723,"message_id":49,"param":{"paramName":"hyp|iou_t","paramValue":0.2,"source":"manual","step":null}},"type":"parameter_msg"}
{"payload":{"local_timestamp":1713032950723,"message_id":50,"param":{"paramName":"hyp|lr0","paramValue":0.01,"source":"manual","step":null}},"type":"parameter_msg"}
{"payload":{"local_timestamp":1713032950723,"message_id":51,"param":{"paramName":"hyp|lrf","paramValue":0.01,"source":"manual","step":null}},"type":"parameter_msg"}
{"payload":{"local_timestamp":1713032950723,"message_id":52,"param":{"paramName":"hyp|mixup","paramValue":0.0,"source":"manual","step":null}},"type":"parameter_msg"}
{"payload":{"local_timestamp":1713032950723,"message_id":53,"param":{"paramName":"hyp|momentum","paramValue":0.937,"source":"manual","step":null}},"type":"parameter_msg"}
{"payload":{"local_timestamp":1713032950723,"message_id":54,"param":{"paramName":"hyp|mosaic","paramValue":1.0,"source":"manual","step":null}},"type":"parameter_msg"}
{"payload":{"local_timestamp":1713032950723,"message_id":55,"param":{"paramName":"hyp|obj","paramValue":1.0,"source":"manual","step":null}},"type":"parameter_msg"}
{"payload":{"local_timestamp":1713032950723,"message_id":56,"param":{"paramName":"hyp|obj_pw","paramValue":1.0,"source":"manual","step":null}},"type":"parameter_msg"}
{"payload":{"local_timestamp":1713032950723,"message_id":57,"param":{"paramName":"hyp|perspective","paramValue":0.0,"source":"manual","step":null}},"type":"parameter_msg"}
{"payload":{"local_timestamp":1713032950723,"message_id":58,"param":{"paramName":"hyp|scale","paramValue":0.5,"source":"manual","step":null}},"type":"parameter_msg"}
{"payload":{"local_timestamp":1713032950723,"message_id":59,"param":{"paramName":"hyp|shear","paramValue":0.0,"source":"manual","step":null}},"type":"parameter_msg"}
{"payload":{"local_timestamp":1713032950723,"message_id":60,"param":{"paramName":"hyp|translate","paramValue":0.1,"source":"manual","step":null}},"type":"parameter_msg"}
{"payload":{"local_timestamp":1713032950723,"message_id":61,"param":{"paramName":"hyp|warmup_bias_lr","paramValue":0.1,"source":"manual","step":null}},"type":"parameter_msg"}
{"payload":{"local_timestamp":1713032950723,"message_id":62,"param":{"paramName":"hyp|warmup_epochs","paramValue":3.0,"source":"manual","step":null}},"type":"parameter_msg"}
{"payload":{"local_timestamp":1713032950723,"message_id":63,"param":{"paramName":"hyp|warmup_momentum","paramValue":0.8,"source":"manual","step":null}},"type":"parameter_msg"}
{"payload":{"local_timestamp":1713032950723,"message_id":64,"param":{"paramName":"hyp|weight_decay","paramValue":0.0005,"source":"manual","step":null}},"type":"parameter_msg"}
{"payload":{"local_timestamp":1713032950723,"message_id":65,"param":{"paramName":"image_weights","paramValue":false,"source":"manual","step":null}},"type":"parameter_msg"}
{"payload":{"local_timestamp":1713032950723,"message_id":66,"param":{"paramName":"imgsz","paramValue":640,"source":"manual","step":null}},"type":"parameter_msg"}
{"payload":{"local_timestamp":1713032950723,"message_id":67,"param":{"paramName":"label_smoothing","paramValue":0.0,"source":"manual","step":null}},"type":"parameter_msg"}
{"payload":{"local_timestamp":1713032950723,"message_id":68,"param":{"paramName":"local_rank","paramValue":-1,"source":"manual","step":null}},"type":"parameter_msg"}
{"payload":{"local_timestamp":1713032950723,"message_id":69,"param":{"paramName":"multi_scale","paramValue":false,"source":"manual","step":null}},"type":"parameter_msg"}
{"payload":{"local_timestamp":1713032950723,"message_id":70,"param":{"paramName":"ndjson_console","paramValue":false,"source":"manual","step":null}},"type":"parameter_msg"}
{"payload":{"local_timestamp":1713032950723,"message_id":71,"param":{"paramName":"ndjson_file","paramValue":false,"source":"manual","step":null}},"type":"parameter_msg"}
{"payload":{"local_timestamp":1713032950723,"message_id":72,"param":{"paramName":"noautoanchor","paramValue":false,"source":"manual","step":null}},"type":"parameter_msg"}
{"payload":{"local_timestamp":1713032950723,"message_id":73,"param":{"paramName":"noplots","paramValue":false,"source":"manual","step":null}},"type":"parameter_msg"}
{"payload":{"local_timestamp":1713032950723,"message_id":74,"param":{"paramName":"nosave","paramValue":false,"source":"manual","step":null}},"type":"parameter_msg"}
{"payload":{"local_timestamp":1713032950723,"message_id":75,"param":{"paramName":"noval","paramValue":false,"source":"manual","step":null}},"type":"parameter_msg"}
{"payload":{"local_timestamp":1713032950723,"message_id":76,"param":{"paramName":"optimizer","paramValue":"SGD","source":"manual","step":null}},"type":"parameter_msg"}
{"payload":{"local_timestamp":1713032950723,"message_id":77,"param":{"paramName":"patience","paramValue":100,"source":"manual","step":null}},"type":"parameter_msg"}
{"payload":{"local_timestamp":1713032950723,"message_id":78,"param":{"paramName":"project","paramValue":"runs\\train","source":"manual","step":null}},"type":"parameter_msg"}
{"payload":{"local_timestamp":1713032950723,"message_id":79,"param":{"paramName":"quad","paramValue":false,"source":"manual","step":null}},"type":"parameter_msg"}
{"payload":{"local_timestamp":1713032950723,"message_id":80,"param":{"paramName":"rect","paramValue":false,"source":"manual","step":null}},"type":"parameter_msg"}
{"payload":{"local_timestamp":1713032950723,"message_id":81,"param":{"paramName":"resume","paramValue":true,"source":"manual","step":null}},"type":"parameter_msg"}
{"payload":{"local_timestamp":1713032950723,"message_id":82,"param":{"paramName":"resume_evolve","paramValue":null,"source":"manual","step":null}},"type":"parameter_msg"}
{"payload":{"local_timestamp":1713032950723,"message_id":83,"param":{"paramName":"save_dir","paramValue":"runs\\train\\calling_smoking3","source":"manual","step":null}},"type":"parameter_msg"}
{"payload":{"local_timestamp":1713032950723,"message_id":84,"param":{"paramName":"save_period","paramValue":-1,"source":"manual","step":null}},"type":"parameter_msg"}
{"payload":{"local_timestamp":1713032950723,"message_id":85,"param":{"paramName":"seed","paramValue":0,"source":"manual","step":null}},"type":"parameter_msg"}
{"payload":{"local_timestamp":1713032950723,"message_id":86,"param":{"paramName":"single_cls","paramValue":false,"source":"manual","step":null}},"type":"parameter_msg"}
{"payload":{"local_timestamp":1713032950723,"message_id":87,"param":{"paramName":"sync_bn","paramValue":false,"source":"manual","step":null}},"type":"parameter_msg"}
{"payload":{"local_timestamp":1713032950723,"message_id":88,"param":{"paramName":"upload_dataset","paramValue":false,"source":"manual","step":null}},"type":"parameter_msg"}
{"payload":{"local_timestamp":1713032950723,"message_id":89,"param":{"paramName":"weights","paramValue":"runs\\train\\calling_smoking3\\weights\\last.pt","source":"manual","step":null}},"type":"parameter_msg"}
{"payload":{"local_timestamp":1713032950723,"message_id":90,"param":{"paramName":"workers","paramValue":8,"source":"manual","step":null}},"type":"parameter_msg"}
{"payload":{"local_timestamp":1713032950723,"message_id":91,"param":{"paramName":"anchor_t","paramValue":4.0,"source":"manual","step":null}},"type":"parameter_msg"}
{"payload":{"local_timestamp":1713032950723,"message_id":92,"param":{"paramName":"box","paramValue":0.05,"source":"manual","step":null}},"type":"parameter_msg"}
{"payload":{"local_timestamp":1713032950723,"message_id":93,"param":{"paramName":"cls","paramValue":0.5,"source":"manual","step":null}},"type":"parameter_msg"}
{"payload":{"local_timestamp":1713032950723,"message_id":94,"param":{"paramName":"cls_pw","paramValue":1.0,"source":"manual","step":null}},"type":"parameter_msg"}
{"payload":{"local_timestamp":1713032950723,"message_id":95,"param":{"paramName":"copy_paste","paramValue":0.0,"source":"manual","step":null}},"type":"parameter_msg"}
{"payload":{"local_timestamp":1713032950723,"message_id":96,"param":{"paramName":"degrees","paramValue":0.0,"source":"manual","step":null}},"type":"parameter_msg"}
{"payload":{"local_timestamp":1713032950723,"message_id":97,"param":{"paramName":"fl_gamma","paramValue":0.0,"source":"manual","step":null}},"type":"parameter_msg"}
{"payload":{"local_timestamp":1713032950723,"message_id":98,"param":{"paramName":"fliplr","paramValue":0.5,"source":"manual","step":null}},"type":"parameter_msg"}
{"payload":{"local_timestamp":1713032950723,"message_id":99,"param":{"paramName":"flipud","paramValue":0.0,"source":"manual","step":null}},"type":"parameter_msg"}
{"payload":{"local_timestamp":1713032950723,"message_id":100,"param":{"paramName":"hsv_h","paramValue":0.015,"source":"manual","step":null}},"type":"parameter_msg"}
{"payload":{"local_timestamp":1713032950723,"message_id":101,"param":{"paramName":"hsv_s","paramValue":0.7,"source":"manual","step":null}},"type":"parameter_msg"}
{"payload":{"local_timestamp":1713032950723,"message_id":102,"param":{"paramName":"hsv_v","paramValue":0.4,"source":"manual","step":null}},"type":"parameter_msg"}
{"payload":{"local_timestamp":1713032950723,"message_id":103,"param":{"paramName":"iou_t","paramValue":0.2,"source":"manual","step":null}},"type":"parameter_msg"}
{"payload":{"local_timestamp":1713032950723,"message_id":104,"param":{"paramName":"lr0","paramValue":0.01,"source":"manual","step":null}},"type":"parameter_msg"}
{"payload":{"local_timestamp":1713032950723,"message_id":105,"param":{"paramName":"lrf","paramValue":0.01,"source":"manual","step":null}},"type":"parameter_msg"}
{"payload":{"local_timestamp":1713032950723,"message_id":106,"param":{"paramName":"mixup","paramValue":0.0,"source":"manual","step":null}},"type":"parameter_msg"}
{"payload":{"local_timestamp":1713032950723,"message_id":107,"param":{"paramName":"momentum","paramValue":0.937,"source":"manual","step":null}},"type":"parameter_msg"}
{"payload":{"local_timestamp":1713032950723,"message_id":108,"param":{"paramName":"mosaic","paramValue":1.0,"source":"manual","step":null}},"type":"parameter_msg"}
{"payload":{"local_timestamp":1713032950723,"message_id":109,"param":{"paramName":"obj","paramValue":1.0,"source":"manual","step":null}},"type":"parameter_msg"}
{"payload":{"local_timestamp":1713032950723,"message_id":110,"param":{"paramName":"obj_pw","paramValue":1.0,"source":"manual","step":null}},"type":"parameter_msg"}
{"payload":{"local_timestamp":1713032950723,"message_id":111,"param":{"paramName":"perspective","paramValue":0.0,"source":"manual","step":null}},"type":"parameter_msg"}
{"payload":{"local_timestamp":1713032950723,"message_id":112,"param":{"paramName":"scale","paramValue":0.5,"source":"manual","step":null}},"type":"parameter_msg"}
{"payload":{"local_timestamp":1713032950723,"message_id":113,"param":{"paramName":"shear","paramValue":0.0,"source":"manual","step":null}},"type":"parameter_msg"}
{"payload":{"local_timestamp":1713032950723,"message_id":114,"param":{"paramName":"translate","paramValue":0.1,"source":"manual","step":null}},"type":"parameter_msg"}
{"payload":{"local_timestamp":1713032950723,"message_id":115,"param":{"paramName":"warmup_bias_lr","paramValue":0.1,"source":"manual","step":null}},"type":"parameter_msg"}
{"payload":{"local_timestamp":1713032950723,"message_id":116,"param":{"paramName":"warmup_epochs","paramValue":3.0,"source":"manual","step":null}},"type":"parameter_msg"}
{"payload":{"local_timestamp":1713032950723,"message_id":117,"param":{"paramName":"warmup_momentum","paramValue":0.8,"source":"manual","step":null}},"type":"parameter_msg"}
{"payload":{"local_timestamp":1713032950723,"message_id":118,"param":{"paramName":"weight_decay","paramValue":0.0005,"source":"manual","step":null}},"type":"parameter_msg"}
{"payload":{"additional_params":{"assetId":"1166827433464e9b803d1c6f4eaa4395","context":null,"epoch":null,"extension":"json","fileName":"hyperparameters.json","overwrite":false,"runId":null,"step":null},"clean":true,"file_path":"tmpojx6v9jf","local_timestamp":1713032950738,"message_id":119,"metadata":{"type":"hyp-config-file"},"upload_type":"asset"},"type":"file_upload"}
{"payload":{"additional_params":{"assetId":"ecef8cd5372b4f7aad7a68023893e8eb","context":null,"extension":"yaml","fileName":"opt.yaml","overwrite":false,"runId":null,"step":null},"clean":true,"file_path":"tmphq7fs1eh","local_timestamp":1713032950738,"message_id":120,"metadata":{"type":"opt-config-file"},"upload_type":"asset"},"type":"file_upload"}
{"payload":{"local_timestamp":1713032950738,"message_id":121,"param":{"paramName":"val_conf_threshold","paramValue":0.001,"source":"manual","step":null}},"type":"parameter_msg"}
{"payload":{"local_timestamp":1713032950738,"message_id":122,"param":{"paramName":"val_iou_threshold","paramValue":0.6,"source":"manual","step":null}},"type":"parameter_msg"}
{"payload":{"local_timestamp":1713032950738,"log_other":{"key":"comet_mode","val":"online"},"message_id":123},"type":"ws_msg"}
{"payload":{"local_timestamp":1713032950738,"log_other":{"key":"comet_max_image_uploads","val":100},"message_id":124},"type":"ws_msg"}
{"payload":{"local_timestamp":1713032950738,"log_other":{"key":"comet_log_per_class_metrics","val":false},"message_id":125},"type":"ws_msg"}
{"payload":{"local_timestamp":1713032950738,"log_other":{"key":"comet_log_batch_metrics","val":false},"message_id":126},"type":"ws_msg"}
{"payload":{"local_timestamp":1713032950738,"log_other":{"key":"comet_log_confusion_matrix","val":true},"message_id":127},"type":"ws_msg"}
{"payload":{"local_timestamp":1713032950738,"log_other":{"key":"comet_model_name","val":"yolov5"},"message_id":128},"type":"ws_msg"}
{"payload":{"local_timestamp":1713032951193,"message_id":129,"metric":{"epoch":null,"metricName":"sys.cpu.percent.avg","metricValue":0.0,"step":null}},"type":"metric_msg"}
{"payload":{"local_timestamp":1713032951193,"message_id":130,"metric":{"epoch":null,"metricName":"sys.ram.total","metricValue":17040195584,"step":null}},"type":"metric_msg"}
{"payload":{"local_timestamp":1713032951193,"message_id":131,"metric":{"epoch":null,"metricName":"sys.ram.used","metricValue":9745313792,"step":null}},"type":"metric_msg"}
{"payload":{"local_timestamp":1713032951193,"message_id":132,"metric":{"epoch":null,"metricName":"sys.ram.available","metricValue":7294881792,"step":null}},"type":"metric_msg"}
{"payload":{"local_timestamp":1713032951193,"message_id":133,"metric":{"epoch":null,"metricName":"sys.ram.percent.used","metricValue":57.2,"step":null}},"type":"metric_msg"}
{"payload":{"local_timestamp":1713032951193,"message_id":134,"metric":{"epoch":null,"metricName":"sys.load.avg","metricValue":0.0,"step":null}},"type":"metric_msg"}
{"payload":{"local_timestamp":1713032951255,"message_id":135,"stderr":true,"stdout":"Overriding model.yaml nc=2 with nc=3\n"},"type":"ws_msg"}
{"payload":{"local_timestamp":1713032951255,"message_id":136,"stderr":true,"stdout":"\n                 from  n    params  module                                  arguments                     \n"},"type":"ws_msg"}
{"payload":{"local_timestamp":1713032951255,"message_id":137,"stderr":true,"stdout":"  0                -1  1      3520  models.common.Conv                      [3, 32, 6, 2, 2]              \n"},"type":"ws_msg"}
{"payload":{"local_timestamp":1713032951262,"message_id":138,"stderr":true,"stdout":"  1                -1  1     18560  models.common.Conv                      [32, 64, 3, 2]                \n"},"type":"ws_msg"}
{"payload":{"local_timestamp":1713032951262,"message_id":139,"stderr":true,"stdout":"  2                -1  1     18816  models.common.C3                        [64, 64, 1]                   \n"},"type":"ws_msg"}
{"payload":{"local_timestamp":1713032951262,"message_id":140,"stderr":true,"stdout":"  3                -1  1     73984  models.common.Conv                      [64, 128, 3, 2]               \n"},"type":"ws_msg"}
{"payload":{"local_timestamp":1713032951262,"message_id":141,"stderr":true,"stdout":"  4                -1  2    115712  models.common.C3                        [128, 128, 2]                 \n"},"type":"ws_msg"}
{"payload":{"local_timestamp":1713032951262,"message_id":142,"stderr":true,"stdout":"  5                -1  1    295424  models.common.Conv                      [128, 256, 3, 2]              \n"},"type":"ws_msg"}
{"payload":{"local_timestamp":1713032951277,"message_id":143,"stderr":true,"stdout":"  6                -1  3    625152  models.common.C3                        [256, 256, 3]                 \n"},"type":"ws_msg"}
{"payload":{"local_timestamp":1713032951277,"message_id":144,"stderr":true,"stdout":"  7                -1  1   1180672  models.common.Conv                      [256, 512, 3, 2]              \n"},"type":"ws_msg"}
{"payload":{"local_timestamp":1713032951293,"message_id":145,"stderr":true,"stdout":"  8                -1  1   1182720  models.common.C3                        [512, 512, 1]                 \n"},"type":"ws_msg"}
{"payload":{"local_timestamp":1713032951293,"message_id":146,"stderr":true,"stdout":"  9                -1  1    656896  models.common.SPPF                      [512, 512, 5]                 \n"},"type":"ws_msg"}
{"payload":{"local_timestamp":1713032951293,"message_id":147,"stderr":true,"stdout":" 10                -1  1    131584  models.common.Conv                      [512, 256, 1, 1]              \n"},"type":"ws_msg"}
{"payload":{"local_timestamp":1713032951293,"message_id":148,"stderr":true,"stdout":" 11                -1  1         0  torch.nn.modules.upsampling.Upsample    [None, 2, 'nearest']          \n"},"type":"ws_msg"}
{"payload":{"local_timestamp":1713032951293,"message_id":149,"stderr":true,"stdout":" 12           [-1, 6]  1         0  models.common.Concat                    [1]                           \n"},"type":"ws_msg"}
{"payload":{"local_timestamp":1713032951293,"message_id":150,"stderr":true,"stdout":" 13                -1  1    361984  models.common.C3                        [512, 256, 1, False]          \n"},"type":"ws_msg"}
{"payload":{"local_timestamp":1713032951293,"message_id":151,"stderr":true,"stdout":" 14                -1  1     33024  models.common.Conv                      [256, 128, 1, 1]              \n"},"type":"ws_msg"}
{"payload":{"local_timestamp":1713032951293,"message_id":152,"stderr":true,"stdout":" 15                -1  1         0  torch.nn.modules.upsampling.Upsample    [None, 2, 'nearest']          \n"},"type":"ws_msg"}
{"payload":{"local_timestamp":1713032951293,"message_id":153,"stderr":true,"stdout":" 16           [-1, 4]  1         0  models.common.Concat                    [1]                           \n"},"type":"ws_msg"}
{"payload":{"local_timestamp":1713032951308,"message_id":154,"stderr":true,"stdout":" 17                -1  1     90880  models.common.C3                        [256, 128, 1, False]          \n"},"type":"ws_msg"}
{"payload":{"local_timestamp":1713032951308,"message_id":155,"stderr":true,"stdout":" 18                -1  1    147712  models.common.Conv                      [128, 128, 3, 2]              \n"},"type":"ws_msg"}
{"payload":{"local_timestamp":1713032951308,"message_id":156,"stderr":true,"stdout":" 19          [-1, 14]  1         0  models.common.Concat                    [1]                           \n"},"type":"ws_msg"}
{"payload":{"local_timestamp":1713032951324,"message_id":157,"stderr":true,"stdout":" 20                -1  1    296448  models.common.C3                        [256, 256, 1, False]          \n"},"type":"ws_msg"}
{"payload":{"local_timestamp":1713032951324,"message_id":158,"stderr":true,"stdout":" 21                -1  1    590336  models.common.Conv                      [256, 256, 3, 2]              \n"},"type":"ws_msg"}
{"payload":{"local_timestamp":1713032951324,"message_id":159,"stderr":true,"stdout":" 22          [-1, 10]  1         0  models.common.Concat                    [1]                           \n"},"type":"ws_msg"}
{"payload":{"local_timestamp":1713032951324,"message_id":160,"stderr":true,"stdout":" 23                -1  1   1182720  models.common.C3                        [512, 512, 1, False]          \n"},"type":"ws_msg"}
{"payload":{"local_timestamp":1713032951324,"message_id":161,"stderr":true,"stdout":" 24      [17, 20, 23]  1     21576  models.yolo.Detect                      [3, [[10, 13, 16, 30, 33, 23], [30, 61, 62, 45, 59, 119], [116, 90, 156, 198, 373, 326]], [128, 256, 512]]\n"},"type":"ws_msg"}
{"payload":{"local_timestamp":1713032951594,"message_id":162,"stderr":true,"stdout":"Model summary: 214 layers, 7027720 parameters, 7027720 gradients, 16.0 GFLOPs\n"},"type":"ws_msg"}
{"payload":{"local_timestamp":1713032951594,"message_id":163,"stderr":true,"stdout":"\n"},"type":"ws_msg"}
{"payload":{"git_meta":{"branch":"refs/heads/master","origin":"https://github.com/Ninepoint5off/YOLOv5forguaduation.git","parent":"4e3e5222cf44f75ac3f572ac1f3b03c38bd66e7a","repo_name":"YOLOv5forguaduation","root":"1e84a23f38fad9e52b59101e9f1246d93066ed1e","status":null,"user":"SunJar"},"local_timestamp":1713032951665,"message_id":164},"type":"ws_msg"}
{"payload":{"local_timestamp":1713032951765,"message_id":165,"stderr":true,"stdout":"Transferred 343/349 items from runs\\train\\calling_smoking3\\weights\\last.pt\n"},"type":"ws_msg"}
{"payload":{"local_timestamp":1713032951765,"message_id":166,"stderr":true,"stdout":"\u001b[34m\u001b[1moptimizer:\u001b[0m SGD(lr=0.01) with parameter groups 57 weight(decay=0.0), 60 weight(decay=0.00046875), 60 bias\n"},"type":"ws_msg"}
{"payload":{"local_timestamp":1713032952384,"message_id":167,"stderr":true,"stdout":"Traceback (most recent call last):\n"},"type":"ws_msg"}
{"payload":{"local_timestamp":1713032952385,"message_id":168,"stderr":true,"stdout":"  File \"train.py\", line 836, in <module>\n"},"type":"ws_msg"}
{"payload":{"local_timestamp":1713032952386,"message_id":169,"stderr":true,"stdout":"    "},"type":"ws_msg"}
{"payload":{"local_timestamp":1713032952386,"message_id":170,"stderr":true,"stdout":"main(opt)"},"type":"ws_msg"}
{"payload":{"local_timestamp":1713032952386,"message_id":171,"stderr":true,"stdout":"\n"},"type":"ws_msg"}
{"payload":{"local_timestamp":1713032952386,"message_id":172,"stderr":true,"stdout":"  File \"train.py\", line 616, in main\n"},"type":"ws_msg"}
{"payload":{"local_timestamp":1713032952386,"message_id":173,"stderr":true,"stdout":"    "},"type":"ws_msg"}
{"payload":{"local_timestamp":1713032952387,"message_id":174,"stderr":true,"stdout":"train(opt.hyp, opt, device, callbacks)"},"type":"ws_msg"}
{"payload":{"local_timestamp":1713032952387,"message_id":175,"stderr":true,"stdout":"\n"},"type":"ws_msg"}
{"payload":{"local_timestamp":1713032952387,"message_id":176,"stderr":true,"stdout":"  File \"train.py\", line 231, in train\n"},"type":"ws_msg"}
{"payload":{"local_timestamp":1713032952387,"message_id":177,"stderr":true,"stdout":"    "},"type":"ws_msg"}
{"payload":{"local_timestamp":1713032952387,"message_id":178,"stderr":true,"stdout":"best_fitness, start_epoch, epochs = smart_resume(ckpt, optimizer, ema, weights, epochs, resume)"},"type":"ws_msg"}
{"payload":{"local_timestamp":1713032952387,"message_id":179,"stderr":true,"stdout":"\n"},"type":"ws_msg"}
{"payload":{"local_timestamp":1713032952387,"message_id":180,"stderr":true,"stdout":"  File \"C:\\Users\\PC\\Desktop\\graduation_project\\graduation_project\\yolov5\\utils\\torch_utils.py\", line 384, in smart_resume\n"},"type":"ws_msg"}
{"payload":{"local_timestamp":1713032952387,"message_id":181,"stderr":true,"stdout":"    "},"type":"ws_msg"}
{"payload":{"local_timestamp":1713032952387,"message_id":182,"stderr":true,"stdout":"ema.ema.load_state_dict(ckpt[\"ema\"].float().state_dict())  # EMA"},"type":"ws_msg"}
{"payload":{"local_timestamp":1713032952387,"message_id":183,"stderr":true,"stdout":"\n"},"type":"ws_msg"}
{"payload":{"local_timestamp":1713032952387,"message_id":184,"stderr":true,"stdout":"  File \"C:\\Users\\PC\\anaconda3\\envs\\mask\\lib\\site-packages\\torch\\nn\\modules\\module.py\", line 1671, in load_state_dict\n"},"type":"ws_msg"}
{"payload":{"local_timestamp":1713032952387,"message_id":185,"stderr":true,"stdout":"    "},"type":"ws_msg"}
{"payload":{"local_timestamp":1713032952387,"message_id":186,"stderr":true,"stdout":"raise RuntimeError('Error(s) in loading state_dict for {}:\\n\\t{}'.format("},"type":"ws_msg"}
{"payload":{"local_timestamp":1713032952387,"message_id":187,"stderr":true,"stdout":"\n"},"type":"ws_msg"}
{"payload":{"local_timestamp":1713032952387,"message_id":188,"stderr":true,"stdout":"RuntimeError"},"type":"ws_msg"}
{"payload":{"local_timestamp":1713032952387,"message_id":189,"stderr":true,"stdout":": "},"type":"ws_msg"}
{"payload":{"local_timestamp":1713032952387,"message_id":190,"stderr":true,"stdout":"Error(s) in loading state_dict for DetectionModel:\n\tsize mismatch for model.24.m.0.weight: copying a param with shape torch.Size([21, 128, 1, 1]) from checkpoint, the shape in current model is torch.Size([24, 128, 1, 1]).\n\tsize mismatch for model.24.m.0.bias: copying a param with shape torch.Size([21]) from checkpoint, the shape in current model is torch.Size([24]).\n\tsize mismatch for model.24.m.1.weight: copying a param with shape torch.Size([21, 256, 1, 1]) from checkpoint, the shape in current model is torch.Size([24, 256, 1, 1]).\n\tsize mismatch for model.24.m.1.bias: copying a param with shape torch.Size([21]) from checkpoint, the shape in current model is torch.Size([24]).\n\tsize mismatch for model.24.m.2.weight: copying a param with shape torch.Size([21, 512, 1, 1]) from checkpoint, the shape in current model is torch.Size([24, 512, 1, 1]).\n\tsize mismatch for model.24.m.2.bias: copying a param with shape torch.Size([21]) from checkpoint, the shape in current model is torch.Size([24])."},"type":"ws_msg"}
{"payload":{"local_timestamp":1713032952387,"message_id":191,"stderr":true,"stdout":"\n"},"type":"ws_msg"}
{"payload":{"additional_params":{"assetId":"958f0274fe0948f9a37b841f6a89d628","context":null,"epoch":null,"extension":"yml","fileName":"conda-environment.yml","overwrite":false,"runId":null,"step":null,"type":"conda-environment-definition"},"clean":true,"file_path":"tmpg_5ftl9j","local_timestamp":1713032957933,"message_id":192,"metadata":{},"upload_type":"conda-environment-definition"},"type":"file_upload"}
{"payload":{"additional_params":{"assetId":"503b4e0fe99c44389591ba4ca7e28f12","context":null,"epoch":null,"extension":"txt","fileName":"conda-spec.txt","overwrite":false,"runId":null,"step":null,"type":"conda-specification"},"clean":true,"file_path":"tmpjbi0ar57","local_timestamp":1713032959927,"message_id":193,"metadata":{},"upload_type":"conda-specification"},"type":"file_upload"}
{"payload":{"additional_params":{"assetId":"47cdd1b427934c758e0b460fd8f657e1","context":null,"epoch":null,"extension":"yml","fileName":"conda-info.yml","overwrite":false,"runId":null,"step":null,"type":"conda-info"},"clean":true,"file_path":"tmp2hjuuit9","local_timestamp":1713032962020,"message_id":194,"metadata":{},"upload_type":"conda-info"},"type":"file_upload"}
{"payload":{"local_timestamp":1713032962020,"message_id":195,"stderr":true,"stdout":"\u001b[1;38;5;39mCOMET INFO:\u001b[0m ---------------------------------------------------------------------------------------\n"},"type":"ws_msg"}
{"payload":{"local_timestamp":1713032962020,"message_id":196,"stderr":true,"stdout":"\u001b[1;38;5;39mCOMET INFO:\u001b[0m Comet.ml OfflineExperiment Summary\n"},"type":"ws_msg"}
{"payload":{"local_timestamp":1713032962020,"message_id":197,"stderr":true,"stdout":"\u001b[1;38;5;39mCOMET INFO:\u001b[0m ---------------------------------------------------------------------------------------\n"},"type":"ws_msg"}
{"payload":{"local_timestamp":1713032962020,"message_id":198,"stderr":true,"stdout":"\u001b[1;38;5;39mCOMET INFO:\u001b[0m   Data:\n"},"type":"ws_msg"}
{"payload":{"local_timestamp":1713032962020,"message_id":199,"stderr":true,"stdout":"\u001b[1;38;5;39mCOMET INFO:\u001b[0m     display_summary_level : 1\n"},"type":"ws_msg"}
{"payload":{"local_timestamp":1713032962020,"message_id":200,"stderr":true,"stdout":"\u001b[1;38;5;39mCOMET INFO:\u001b[0m     url                   : [OfflineExperiment will get URL after upload]\n"},"type":"ws_msg"}
{"payload":{"local_timestamp":1713032962020,"message_id":201,"stderr":true,"stdout":"\u001b[1;38;5;39mCOMET INFO:\u001b[0m   Others:\n"},"type":"ws_msg"}
{"payload":{"local_timestamp":1713032962020,"message_id":202,"stderr":true,"stdout":"\u001b[1;38;5;39mCOMET INFO:\u001b[0m     Created from                : YOLOv5\n"},"type":"ws_msg"}
{"payload":{"local_timestamp":1713032962020,"message_id":203,"stderr":true,"stdout":"\u001b[1;38;5;39mCOMET INFO:\u001b[0m     Name                        : calling_smoking\n"},"type":"ws_msg"}
{"payload":{"local_timestamp":1713032962020,"message_id":204,"stderr":true,"stdout":"\u001b[1;38;5;39mCOMET INFO:\u001b[0m     comet_log_batch_metrics     : False\n"},"type":"ws_msg"}
{"payload":{"local_timestamp":1713032962020,"message_id":205,"stderr":true,"stdout":"\u001b[1;38;5;39mCOMET INFO:\u001b[0m     comet_log_confusion_matrix  : True\n"},"type":"ws_msg"}
{"payload":{"local_timestamp":1713032962020,"message_id":206,"stderr":true,"stdout":"\u001b[1;38;5;39mCOMET INFO:\u001b[0m     comet_log_per_class_metrics : False\n"},"type":"ws_msg"}
{"payload":{"local_timestamp":1713032962020,"message_id":207,"stderr":true,"stdout":"\u001b[1;38;5;39mCOMET INFO:\u001b[0m     comet_max_image_uploads     : 100\n"},"type":"ws_msg"}
{"payload":{"local_timestamp":1713032962020,"message_id":208,"stderr":true,"stdout":"\u001b[1;38;5;39mCOMET INFO:\u001b[0m     comet_mode                  : online\n"},"type":"ws_msg"}
{"payload":{"local_timestamp":1713032962020,"message_id":209,"stderr":true,"stdout":"\u001b[1;38;5;39mCOMET INFO:\u001b[0m     comet_model_name            : yolov5\n"},"type":"ws_msg"}
{"payload":{"local_timestamp":1713032962020,"message_id":210,"stderr":true,"stdout":"\u001b[1;38;5;39mCOMET INFO:\u001b[0m     hasNestedParams             : True\n"},"type":"ws_msg"}
{"payload":{"local_timestamp":1713032962020,"message_id":211,"stderr":true,"stdout":"\u001b[1;38;5;39mCOMET INFO:\u001b[0m     offline_experiment          : True\n"},"type":"ws_msg"}
{"payload":{"local_timestamp":1713032962020,"message_id":212,"stderr":true,"stdout":"\u001b[1;38;5;39mCOMET INFO:\u001b[0m   Parameters:\n"},"type":"ws_msg"}
{"payload":{"local_timestamp":1713032962020,"message_id":213,"stderr":true,"stdout":"\u001b[1;38;5;39mCOMET INFO:\u001b[0m     anchor_t            : 4.0\n"},"type":"ws_msg"}
{"payload":{"local_timestamp":1713032962036,"message_id":214,"stderr":true,"stdout":"\u001b[1;38;5;39mCOMET INFO:\u001b[0m     artifact_alias      : latest\n"},"type":"ws_msg"}
{"payload":{"local_timestamp":1713032962036,"message_id":215,"stderr":true,"stdout":"\u001b[1;38;5;39mCOMET INFO:\u001b[0m     batch_size          : 30\n"},"type":"ws_msg"}
{"payload":{"local_timestamp":1713032962036,"message_id":216,"stderr":true,"stdout":"\u001b[1;38;5;39mCOMET INFO:\u001b[0m     bbox_interval       : -1\n"},"type":"ws_msg"}
{"payload":{"local_timestamp":1713032962036,"message_id":217,"stderr":true,"stdout":"\u001b[1;38;5;39mCOMET INFO:\u001b[0m     box                 : 0.05\n"},"type":"ws_msg"}
{"payload":{"local_timestamp":1713032962036,"message_id":218,"stderr":true,"stdout":"\u001b[1;38;5;39mCOMET INFO:\u001b[0m     bucket              : \n"},"type":"ws_msg"}
{"payload":{"local_timestamp":1713032962036,"message_id":219,"stderr":true,"stdout":"\u001b[1;38;5;39mCOMET INFO:\u001b[0m     cache               : None\n"},"type":"ws_msg"}
{"payload":{"local_timestamp":1713032962036,"message_id":220,"stderr":true,"stdout":"\u001b[1;38;5;39mCOMET INFO:\u001b[0m     cfg                 : \n"},"type":"ws_msg"}
{"payload":{"local_timestamp":1713032962036,"message_id":221,"stderr":true,"stdout":"\u001b[1;38;5;39mCOMET INFO:\u001b[0m     cls                 : 0.5\n"},"type":"ws_msg"}
{"payload":{"local_timestamp":1713032962036,"message_id":222,"stderr":true,"stdout":"\u001b[1;38;5;39mCOMET INFO:\u001b[0m     cls_pw              : 1.0\n"},"type":"ws_msg"}
{"payload":{"local_timestamp":1713032962036,"message_id":223,"stderr":true,"stdout":"\u001b[1;38;5;39mCOMET INFO:\u001b[0m     copy_paste          : 0.0\n"},"type":"ws_msg"}
{"payload":{"local_timestamp":1713032962036,"message_id":224,"stderr":true,"stdout":"\u001b[1;38;5;39mCOMET INFO:\u001b[0m     cos_lr              : False\n"},"type":"ws_msg"}
{"payload":{"local_timestamp":1713032962036,"message_id":225,"stderr":true,"stdout":"\u001b[1;38;5;39mCOMET INFO:\u001b[0m     degrees             : 0.0\n"},"type":"ws_msg"}
{"payload":{"local_timestamp":1713032962036,"message_id":226,"stderr":true,"stdout":"\u001b[1;38;5;39mCOMET INFO:\u001b[0m     entity              : None\n"},"type":"ws_msg"}
{"payload":{"local_timestamp":1713032962036,"message_id":227,"stderr":true,"stdout":"\u001b[1;38;5;39mCOMET INFO:\u001b[0m     evolve              : None\n"},"type":"ws_msg"}
{"payload":{"local_timestamp":1713032962036,"message_id":228,"stderr":true,"stdout":"\u001b[1;38;5;39mCOMET INFO:\u001b[0m     evolve_population   : data\\hyps\n"},"type":"ws_msg"}
{"payload":{"local_timestamp":1713032962036,"message_id":229,"stderr":true,"stdout":"\u001b[1;38;5;39mCOMET INFO:\u001b[0m     exist_ok            : False\n"},"type":"ws_msg"}
{"payload":{"local_timestamp":1713032962036,"message_id":230,"stderr":true,"stdout":"\u001b[1;38;5;39mCOMET INFO:\u001b[0m     fl_gamma            : 0.0\n"},"type":"ws_msg"}
{"payload":{"local_timestamp":1713032962036,"message_id":231,"stderr":true,"stdout":"\u001b[1;38;5;39mCOMET INFO:\u001b[0m     fliplr              : 0.5\n"},"type":"ws_msg"}
{"payload":{"local_timestamp":1713032962036,"message_id":232,"stderr":true,"stdout":"\u001b[1;38;5;39mCOMET INFO:\u001b[0m     flipud              : 0.0\n"},"type":"ws_msg"}
{"payload":{"local_timestamp":1713032962036,"message_id":233,"stderr":true,"stdout":"\u001b[1;38;5;39mCOMET INFO:\u001b[0m     freeze              : [0]\n"},"type":"ws_msg"}
{"payload":{"local_timestamp":1713032962036,"message_id":234,"stderr":true,"stdout":"\u001b[1;38;5;39mCOMET INFO:\u001b[0m     hsv_h               : 0.015\n"},"type":"ws_msg"}
{"payload":{"local_timestamp":1713032962036,"message_id":235,"stderr":true,"stdout":"\u001b[1;38;5;39mCOMET INFO:\u001b[0m     hsv_s               : 0.7\n"},"type":"ws_msg"}
{"payload":{"local_timestamp":1713032962036,"message_id":236,"stderr":true,"stdout":"\u001b[1;38;5;39mCOMET INFO:\u001b[0m     hsv_v               : 0.4\n"},"type":"ws_msg"}
{"payload":{"local_timestamp":1713032962036,"message_id":237,"stderr":true,"stdout":"\u001b[1;38;5;39mCOMET INFO:\u001b[0m     hyp|anchor_t        : 4.0\n"},"type":"ws_msg"}
{"payload":{"local_timestamp":1713032962036,"message_id":238,"stderr":true,"stdout":"\u001b[1;38;5;39mCOMET INFO:\u001b[0m     hyp|box             : 0.05\n"},"type":"ws_msg"}
{"payload":{"local_timestamp":1713032962036,"message_id":239,"stderr":true,"stdout":"\u001b[1;38;5;39mCOMET INFO:\u001b[0m     hyp|cls             : 0.5\n"},"type":"ws_msg"}
{"payload":{"local_timestamp":1713032962036,"message_id":240,"stderr":true,"stdout":"\u001b[1;38;5;39mCOMET INFO:\u001b[0m     hyp|cls_pw          : 1.0\n"},"type":"ws_msg"}
{"payload":{"local_timestamp":1713032962036,"message_id":241,"stderr":true,"stdout":"\u001b[1;38;5;39mCOMET INFO:\u001b[0m     hyp|copy_paste      : 0.0\n"},"type":"ws_msg"}
{"payload":{"local_timestamp":1713032962036,"message_id":242,"stderr":true,"stdout":"\u001b[1;38;5;39mCOMET INFO:\u001b[0m     hyp|degrees         : 0.0\n"},"type":"ws_msg"}
{"payload":{"local_timestamp":1713032962036,"message_id":243,"stderr":true,"stdout":"\u001b[1;38;5;39mCOMET INFO:\u001b[0m     hyp|fl_gamma        : 0.0\n"},"type":"ws_msg"}
{"payload":{"local_timestamp":1713032962036,"message_id":244,"stderr":true,"stdout":"\u001b[1;38;5;39mCOMET INFO:\u001b[0m     hyp|fliplr          : 0.5\n"},"type":"ws_msg"}
{"payload":{"local_timestamp":1713032962036,"message_id":245,"stderr":true,"stdout":"\u001b[1;38;5;39mCOMET INFO:\u001b[0m     hyp|flipud          : 0.0\n"},"type":"ws_msg"}
{"payload":{"local_timestamp":1713032962036,"message_id":246,"stderr":true,"stdout":"\u001b[1;38;5;39mCOMET INFO:\u001b[0m     hyp|hsv_h           : 0.015\n"},"type":"ws_msg"}
{"payload":{"local_timestamp":1713032962036,"message_id":247,"stderr":true,"stdout":"\u001b[1;38;5;39mCOMET INFO:\u001b[0m     hyp|hsv_s           : 0.7\n"},"type":"ws_msg"}
{"payload":{"local_timestamp":1713032962036,"message_id":248,"stderr":true,"stdout":"\u001b[1;38;5;39mCOMET INFO:\u001b[0m     hyp|hsv_v           : 0.4\n"},"type":"ws_msg"}
{"payload":{"local_timestamp":1713032962036,"message_id":249,"stderr":true,"stdout":"\u001b[1;38;5;39mCOMET INFO:\u001b[0m     hyp|iou_t           : 0.2\n"},"type":"ws_msg"}
{"payload":{"local_timestamp":1713032962036,"message_id":250,"stderr":true,"stdout":"\u001b[1;38;5;39mCOMET INFO:\u001b[0m     hyp|lr0             : 0.01\n"},"type":"ws_msg"}
{"payload":{"local_timestamp":1713032962036,"message_id":251,"stderr":true,"stdout":"\u001b[1;38;5;39mCOMET INFO:\u001b[0m     hyp|lrf             : 0.01\n"},"type":"ws_msg"}
{"payload":{"local_timestamp":1713032962036,"message_id":252,"stderr":true,"stdout":"\u001b[1;38;5;39mCOMET INFO:\u001b[0m     hyp|mixup           : 0.0\n"},"type":"ws_msg"}
{"payload":{"local_timestamp":1713032962036,"message_id":253,"stderr":true,"stdout":"\u001b[1;38;5;39mCOMET INFO:\u001b[0m     hyp|momentum        : 0.937\n"},"type":"ws_msg"}
{"payload":{"local_timestamp":1713032962036,"message_id":254,"stderr":true,"stdout":"\u001b[1;38;5;39mCOMET INFO:\u001b[0m     hyp|mosaic          : 1.0\n"},"type":"ws_msg"}
{"payload":{"local_timestamp":1713032962036,"message_id":255,"stderr":true,"stdout":"\u001b[1;38;5;39mCOMET INFO:\u001b[0m     hyp|obj             : 1.0\n"},"type":"ws_msg"}
{"payload":{"local_timestamp":1713032962036,"message_id":256,"stderr":true,"stdout":"\u001b[1;38;5;39mCOMET INFO:\u001b[0m     hyp|obj_pw          : 1.0\n"},"type":"ws_msg"}
{"payload":{"local_timestamp":1713032962036,"message_id":257,"stderr":true,"stdout":"\u001b[1;38;5;39mCOMET INFO:\u001b[0m     hyp|perspective     : 0.0\n"},"type":"ws_msg"}
{"payload":{"local_timestamp":1713032962036,"message_id":258,"stderr":true,"stdout":"\u001b[1;38;5;39mCOMET INFO:\u001b[0m     hyp|scale           : 0.5\n"},"type":"ws_msg"}
{"payload":{"local_timestamp":1713032962036,"message_id":259,"stderr":true,"stdout":"\u001b[1;38;5;39mCOMET INFO:\u001b[0m     hyp|shear           : 0.0\n"},"type":"ws_msg"}
{"payload":{"local_timestamp":1713032962036,"message_id":260,"stderr":true,"stdout":"\u001b[1;38;5;39mCOMET INFO:\u001b[0m     hyp|translate       : 0.1\n"},"type":"ws_msg"}
{"payload":{"local_timestamp":1713032962036,"message_id":261,"stderr":true,"stdout":"\u001b[1;38;5;39mCOMET INFO:\u001b[0m     hyp|warmup_bias_lr  : 0.1\n"},"type":"ws_msg"}
{"payload":{"local_timestamp":1713032962036,"message_id":262,"stderr":true,"stdout":"\u001b[1;38;5;39mCOMET INFO:\u001b[0m     hyp|warmup_epochs   : 3.0\n"},"type":"ws_msg"}
{"payload":{"local_timestamp":1713032962036,"message_id":263,"stderr":true,"stdout":"\u001b[1;38;5;39mCOMET INFO:\u001b[0m     hyp|warmup_momentum : 0.8\n"},"type":"ws_msg"}
{"payload":{"local_timestamp":1713032962036,"message_id":264,"stderr":true,"stdout":"\u001b[1;38;5;39mCOMET INFO:\u001b[0m     hyp|weight_decay    : 0.0005\n"},"type":"ws_msg"}
{"payload":{"local_timestamp":1713032962036,"message_id":265,"stderr":true,"stdout":"\u001b[1;38;5;39mCOMET INFO:\u001b[0m     image_weights       : False\n"},"type":"ws_msg"}
{"payload":{"local_timestamp":1713032962036,"message_id":266,"stderr":true,"stdout":"\u001b[1;38;5;39mCOMET INFO:\u001b[0m     imgsz               : 640\n"},"type":"ws_msg"}
{"payload":{"local_timestamp":1713032962036,"message_id":267,"stderr":true,"stdout":"\u001b[1;38;5;39mCOMET INFO:\u001b[0m     iou_t               : 0.2\n"},"type":"ws_msg"}
{"payload":{"local_timestamp":1713032962036,"message_id":268,"stderr":true,"stdout":"\u001b[1;38;5;39mCOMET INFO:\u001b[0m     label_smoothing     : 0.0\n"},"type":"ws_msg"}
{"payload":{"local_timestamp":1713032962036,"message_id":269,"stderr":true,"stdout":"\u001b[1;38;5;39mCOMET INFO:\u001b[0m     local_rank          : -1\n"},"type":"ws_msg"}
{"payload":{"local_timestamp":1713032962036,"message_id":270,"stderr":true,"stdout":"\u001b[1;38;5;39mCOMET INFO:\u001b[0m     lr0                 : 0.01\n"},"type":"ws_msg"}
{"payload":{"local_timestamp":1713032962036,"message_id":271,"stderr":true,"stdout":"\u001b[1;38;5;39mCOMET INFO:\u001b[0m     lrf                 : 0.01\n"},"type":"ws_msg"}
{"payload":{"local_timestamp":1713032962036,"message_id":272,"stderr":true,"stdout":"\u001b[1;38;5;39mCOMET INFO:\u001b[0m     mixup               : 0.0\n"},"type":"ws_msg"}
{"payload":{"local_timestamp":1713032962036,"message_id":273,"stderr":true,"stdout":"\u001b[1;38;5;39mCOMET INFO:\u001b[0m     momentum            : 0.937\n"},"type":"ws_msg"}
{"payload":{"local_timestamp":1713032962036,"message_id":274,"stderr":true,"stdout":"\u001b[1;38;5;39mCOMET INFO:\u001b[0m     mosaic              : 1.0\n"},"type":"ws_msg"}
{"payload":{"local_timestamp":1713032962036,"message_id":275,"stderr":true,"stdout":"\u001b[1;38;5;39mCOMET INFO:\u001b[0m     multi_scale         : False\n"},"type":"ws_msg"}
{"payload":{"local_timestamp":1713032962036,"message_id":276,"stderr":true,"stdout":"\u001b[1;38;5;39mCOMET INFO:\u001b[0m     ndjson_console      : False\n"},"type":"ws_msg"}
{"payload":{"local_timestamp":1713032962036,"message_id":277,"stderr":true,"stdout":"\u001b[1;38;5;39mCOMET INFO:\u001b[0m     ndjson_file         : False\n"},"type":"ws_msg"}
{"payload":{"local_timestamp":1713032962036,"message_id":278,"stderr":true,"stdout":"\u001b[1;38;5;39mCOMET INFO:\u001b[0m     noautoanchor        : False\n"},"type":"ws_msg"}
{"payload":{"local_timestamp":1713032962036,"message_id":279,"stderr":true,"stdout":"\u001b[1;38;5;39mCOMET INFO:\u001b[0m     noplots             : False\n"},"type":"ws_msg"}
{"payload":{"local_timestamp":1713032962036,"message_id":280,"stderr":true,"stdout":"\u001b[1;38;5;39mCOMET INFO:\u001b[0m     nosave              : False\n"},"type":"ws_msg"}
{"payload":{"local_timestamp":1713032962036,"message_id":281,"stderr":true,"stdout":"\u001b[1;38;5;39mCOMET INFO:\u001b[0m     noval               : False\n"},"type":"ws_msg"}
{"payload":{"local_timestamp":1713032962036,"message_id":282,"stderr":true,"stdout":"\u001b[1;38;5;39mCOMET INFO:\u001b[0m     obj                 : 1.0\n"},"type":"ws_msg"}
{"payload":{"local_timestamp":1713032962036,"message_id":283,"stderr":true,"stdout":"\u001b[1;38;5;39mCOMET INFO:\u001b[0m     obj_pw              : 1.0\n"},"type":"ws_msg"}
{"payload":{"local_timestamp":1713032962036,"message_id":284,"stderr":true,"stdout":"\u001b[1;38;5;39mCOMET INFO:\u001b[0m     optimizer           : SGD\n"},"type":"ws_msg"}
{"payload":{"local_timestamp":1713032962036,"message_id":285,"stderr":true,"stdout":"\u001b[1;38;5;39mCOMET INFO:\u001b[0m     patience            : 100\n"},"type":"ws_msg"}
{"payload":{"local_timestamp":1713032962036,"message_id":286,"stderr":true,"stdout":"\u001b[1;38;5;39mCOMET INFO:\u001b[0m     perspective         : 0.0\n"},"type":"ws_msg"}
{"payload":{"local_timestamp":1713032962036,"message_id":287,"stderr":true,"stdout":"\u001b[1;38;5;39mCOMET INFO:\u001b[0m     project             : runs\\train\n"},"type":"ws_msg"}
{"payload":{"local_timestamp":1713032962036,"message_id":288,"stderr":true,"stdout":"\u001b[1;38;5;39mCOMET INFO:\u001b[0m     quad                : False\n"},"type":"ws_msg"}
{"payload":{"local_timestamp":1713032962036,"message_id":289,"stderr":true,"stdout":"\u001b[1;38;5;39mCOMET INFO:\u001b[0m     rect                : False\n"},"type":"ws_msg"}
{"payload":{"local_timestamp":1713032962036,"message_id":290,"stderr":true,"stdout":"\u001b[1;38;5;39mCOMET INFO:\u001b[0m     resume              : True\n"},"type":"ws_msg"}
{"payload":{"local_timestamp":1713032962036,"message_id":291,"stderr":true,"stdout":"\u001b[1;38;5;39mCOMET INFO:\u001b[0m     resume_evolve       : None\n"},"type":"ws_msg"}
{"payload":{"local_timestamp":1713032962036,"message_id":292,"stderr":true,"stdout":"\u001b[1;38;5;39mCOMET INFO:\u001b[0m     save_dir            : runs\\train\\calling_smoking3\n"},"type":"ws_msg"}
{"payload":{"local_timestamp":1713032962051,"message_id":293,"stderr":true,"stdout":"\u001b[1;38;5;39mCOMET INFO:\u001b[0m     save_period         : -1\n"},"type":"ws_msg"}
{"payload":{"local_timestamp":1713032962051,"message_id":294,"stderr":true,"stdout":"\u001b[1;38;5;39mCOMET INFO:\u001b[0m     scale               : 0.5\n"},"type":"ws_msg"}
{"payload":{"local_timestamp":1713032962051,"message_id":295,"stderr":true,"stdout":"\u001b[1;38;5;39mCOMET INFO:\u001b[0m     seed                : 0\n"},"type":"ws_msg"}
{"payload":{"local_timestamp":1713032962051,"message_id":296,"stderr":true,"stdout":"\u001b[1;38;5;39mCOMET INFO:\u001b[0m     shear               : 0.0\n"},"type":"ws_msg"}
{"payload":{"local_timestamp":1713032962051,"message_id":297,"stderr":true,"stdout":"\u001b[1;38;5;39mCOMET INFO:\u001b[0m     single_cls          : False\n"},"type":"ws_msg"}
{"payload":{"local_timestamp":1713032962051,"message_id":298,"stderr":true,"stdout":"\u001b[1;38;5;39mCOMET INFO:\u001b[0m     sync_bn             : False\n"},"type":"ws_msg"}
{"payload":{"local_timestamp":1713032962051,"message_id":299,"stderr":true,"stdout":"\u001b[1;38;5;39mCOMET INFO:\u001b[0m     translate           : 0.1\n"},"type":"ws_msg"}
{"payload":{"local_timestamp":1713032962051,"message_id":300,"stderr":true,"stdout":"\u001b[1;38;5;39mCOMET INFO:\u001b[0m     upload_dataset      : False\n"},"type":"ws_msg"}
{"payload":{"local_timestamp":1713032962051,"message_id":301,"stderr":true,"stdout":"\u001b[1;38;5;39mCOMET INFO:\u001b[0m     val_conf_threshold  : 0.001\n"},"type":"ws_msg"}
{"payload":{"local_timestamp":1713032962051,"message_id":302,"stderr":true,"stdout":"\u001b[1;38;5;39mCOMET INFO:\u001b[0m     val_iou_threshold   : 0.6\n"},"type":"ws_msg"}
{"payload":{"local_timestamp":1713032962051,"message_id":303,"stderr":true,"stdout":"\u001b[1;38;5;39mCOMET INFO:\u001b[0m     warmup_bias_lr      : 0.1\n"},"type":"ws_msg"}
{"payload":{"local_timestamp":1713032962051,"message_id":304,"stderr":true,"stdout":"\u001b[1;38;5;39mCOMET INFO:\u001b[0m     warmup_epochs       : 3.0\n"},"type":"ws_msg"}
{"payload":{"local_timestamp":1713032962051,"message_id":305,"stderr":true,"stdout":"\u001b[1;38;5;39mCOMET INFO:\u001b[0m     warmup_momentum     : 0.8\n"},"type":"ws_msg"}
{"payload":{"local_timestamp":1713032962051,"message_id":306,"stderr":true,"stdout":"\u001b[1;38;5;39mCOMET INFO:\u001b[0m     weight_decay        : 0.0005\n"},"type":"ws_msg"}
{"payload":{"local_timestamp":1713032962051,"message_id":307,"stderr":true,"stdout":"\u001b[1;38;5;39mCOMET INFO:\u001b[0m     workers             : 8\n"},"type":"ws_msg"}
{"payload":{"local_timestamp":1713032962051,"message_id":308,"stderr":true,"stdout":"\u001b[1;38;5;39mCOMET INFO:\u001b[0m   Uploads:\n"},"type":"ws_msg"}
{"payload":{"local_timestamp":1713032962051,"message_id":309,"stderr":true,"stdout":"\u001b[1;38;5;39mCOMET INFO:\u001b[0m     asset                        : 3 (1.50 KB)\n"},"type":"ws_msg"}
{"payload":{"local_timestamp":1713032962051,"message_id":310,"stderr":true,"stdout":"\u001b[1;38;5;39mCOMET INFO:\u001b[0m     conda-environment-definition : 1\n"},"type":"ws_msg"}
{"payload":{"local_timestamp":1713032962051,"message_id":311,"stderr":true,"stdout":"\u001b[1;38;5;39mCOMET INFO:\u001b[0m     conda-info                   : 1\n"},"type":"ws_msg"}
{"payload":{"local_timestamp":1713032962051,"message_id":312,"stderr":true,"stdout":"\u001b[1;38;5;39mCOMET INFO:\u001b[0m     conda-specification          : 1\n"},"type":"ws_msg"}
{"payload":{"local_timestamp":1713032962051,"message_id":313,"stderr":true,"stdout":"\u001b[1;38;5;39mCOMET INFO:\u001b[0m     environment details          : 1\n"},"type":"ws_msg"}
{"payload":{"local_timestamp":1713032962051,"message_id":314,"stderr":true,"stdout":"\u001b[1;38;5;39mCOMET INFO:\u001b[0m     git metadata                 : 1\n"},"type":"ws_msg"}
{"payload":{"local_timestamp":1713032962051,"message_id":315,"stderr":true,"stdout":"\u001b[1;38;5;39mCOMET INFO:\u001b[0m     installed packages           : 1\n"},"type":"ws_msg"}
{"payload":{"local_timestamp":1713032962051,"message_id":316,"stderr":true,"stdout":"\u001b[1;38;5;39mCOMET INFO:\u001b[0m \n"},"type":"ws_msg"}
