{"payload":{"installed_packages":["absl-py==2.0.0","astor==0.8.1","attrs==23.2.0","beautifulsoup4==4.12.2","brotli==1.0.9","cachetools==5.3.2","certifi==2023.5.7","cffi==1.16.0","charset-normalizer==3.1.0","colorama==0.4.6","coloredlogs==15.0.1","comet-ml==3.39.0","configobj==5.0.8","contourpy==1.1.1","cryptography==41.0.3","cycler==0.12.1","cython==3.0.7","decorator==5.1.1","dulwich==0.21.7","everett==3.1.0","filelock==3.13.1","flatbuffers==23.5.26","fonttools==4.47.0","fsspec==2023.10.0","gdown==4.7.1","gitdb==4.0.11","gitpython==3.1.41","gmpy2==2.1.2","google-auth==2.25.2","google-auth-oauthlib==1.0.0","grpcio==1.60.0","humanfriendly==10.0","idna==3.4","imageio==2.33.1","imgviz==1.7.4","importlib-metadata==7.0.1","importlib-resources==6.1.1","jinja2==3.1.2","jsonschema==4.21.1","jsonschema-specifications==2023.12.1","kiwisolver==1.4.5","lazy-loader==0.3","markdown==3.5.1","markdown-it-py==3.0.0","markupsafe==2.1.1","matplotlib==3.7.4","mdurl==0.1.2","mkl-fft==1.3.8","mkl-random==1.2.4","mkl-service==2.4.0","mpmath==1.3.0","natsort==8.4.0","networkx==3.1","numpy==1.24.3","oauthlib==3.2.2","opencv-python==4.8.1.78","opt-einsum==3.3.0","packaging==23.2","paddle-bfloat==0.1.7","paddlepaddle-gpu==2.4.2","pandas==1.4.4","pillow==10.0.1","pip==23.3.1","pkgutil-resolve-name==1.3.10","protobuf==3.20.0","psutil==5.9.7","py-cpuinfo==9.0.0","pyasn1==0.5.1","pyasn1-modules==0.3.0","pycocotools-windows==2.0.0.2","pycparser==2.21","pygments==2.17.2","pyopenssl==23.2.0","pyparsing==3.1.1","pyqt5==5.15.10","pyqt5-qt5==5.15.2","pyqt5-sip==12.13.0","pyreadline3==3.4.1","pysocks==1.7.1","python-box==6.1.0","python-dateutil==2.8.2","pytz==2023.3.post1","pywavelets==1.4.1","pyyaml==6.0.1","qtpy==2.4.1","referencing==0.33.0","requests==2.30.0","requests-oauthlib==1.3.1","requests-toolbelt==1.0.0","rich==13.7.1","rpds-py==0.18.0","rsa==4.9","scipy==1.10.1","seaborn==0.13.0","semantic-version==2.10.0","sentry-sdk==1.42.0","setuptools==68.2.2","simplejson==3.19.2","six==1.16.0","smmap==5.0.1","soupsieve==2.5","sympy==1.12","tensorboard==2.14.0","tensorboard-data-server==0.7.2","termcolor==2.4.0","thop==0.1.1.post2209072238","tifffile==2023.7.10","torch==1.13.1+cu117","torchaudio==0.13.1+cu117","torchvision==0.14.1+cu117","tqdm==4.66.1","typing-extensions==4.7.1","ultralytics==8.1.2","urllib3==2.0.2","websocket-client==1.3.3","werkzeug==3.0.1","wheel==0.41.2","win-inet-pton==1.1.0","wrapt==1.16.0","wurlitzer==3.0.3","zipp==3.17.0"],"local_timestamp":1710491361679,"message_id":1},"type":"ws_msg"}
{"payload":{"env_details":{"command":["train.py","--batch","30","--epochs","50","--data",".\\data\\DataSet.yaml","--weights","yolov5s.pt","--nosave","--device","0","--name=calling_smoking"],"env":null,"hostname":"SunJarWorkshop","ip":"192.168.43.123","machine":"AMD64","os":"Windows-10-10.0.19041-SP0","os_release":"10","os_type":"Windows","pid":12132,"processor":"Intel64 Family 6 Model 165 Stepping 2, GenuineIntel","python_exe":"C:\\Users\\PC\\anaconda3\\envs\\mask\\python.exe","python_version":"3.8.5","python_version_verbose":"3.8.5 (default, Sep  3 2020, 21:29:08) [MSC v.1916 64 bit (AMD64)]","user":"PC"},"local_timestamp":1710491361713,"message_id":2},"type":"ws_msg"}
{"payload":{"gpu_static_info":[{"gpu_index":0,"name":"NVIDIA GeForce RTX 2060","power_limit":80000,"total_memory":6442450944,"uuid":"GPU-d84e718a-ea6b-a4c6-b3f0-b3ab002b2adb"}],"local_timestamp":1710491361753,"message_id":3},"type":"ws_msg"}
{"payload":{"local_timestamp":1710491361753,"message_id":4,"metric":{"epoch":null,"metricName":"sys.gpu.0.total_memory","metricValue":6442450944,"step":null}},"type":"metric_msg"}
{"payload":{"local_timestamp":1710491361754,"message_id":5,"param":{"paramName":"name","paramValue":"calling_smoking","source":"cli","step":null}},"type":"parameter_msg"}
{"payload":{"local_timestamp":1710491361754,"message_id":6,"param":{"paramName":"batch","paramValue":30,"source":"cli","step":null}},"type":"parameter_msg"}
{"payload":{"local_timestamp":1710491361754,"message_id":7,"param":{"paramName":"epochs","paramValue":50,"source":"cli","step":null}},"type":"parameter_msg"}
{"payload":{"local_timestamp":1710491361754,"message_id":8,"param":{"paramName":"data","paramValue":".\\data\\DataSet.yaml","source":"cli","step":null}},"type":"parameter_msg"}
{"payload":{"local_timestamp":1710491361754,"message_id":9,"param":{"paramName":"weights","paramValue":"yolov5s.pt","source":"cli","step":null}},"type":"parameter_msg"}
{"payload":{"local_timestamp":1710491361754,"message_id":10,"param":{"paramName":"nosave","paramValue":true,"source":"cli","step":null}},"type":"parameter_msg"}
{"payload":{"local_timestamp":1710491361754,"message_id":11,"param":{"paramName":"device","paramValue":0,"source":"cli","step":null}},"type":"parameter_msg"}
{"payload":{"local_timestamp":1710491361755,"log_other":{"key":"offline_experiment","val":true},"message_id":12},"type":"ws_msg"}
{"payload":{"local_timestamp":1710491361755,"log_other":{"key":"Name","val":"calling_smoking"},"message_id":13},"type":"ws_msg"}
{"payload":{"local_timestamp":1710491361758,"message_id":14,"metric":{"epoch":null,"metricName":"sys.gpu.0.gpu_utilization","metricValue":1,"step":null}},"type":"metric_msg"}
{"payload":{"local_timestamp":1710491361758,"message_id":15,"metric":{"epoch":null,"metricName":"sys.gpu.0.power_usage","metricValue":6348,"step":null}},"type":"metric_msg"}
{"payload":{"local_timestamp":1710491361758,"message_id":16,"metric":{"epoch":null,"metricName":"sys.gpu.0.temperature","metricValue":59,"step":null}},"type":"metric_msg"}
{"payload":{"local_timestamp":1710491361758,"message_id":17,"metric":{"epoch":null,"metricName":"sys.gpu.0.memory_utilization","metricValue":7,"step":null}},"type":"metric_msg"}
{"payload":{"local_timestamp":1710491361758,"message_id":18,"metric":{"epoch":null,"metricName":"sys.gpu.0.free_memory","metricValue":5913575424,"step":null}},"type":"metric_msg"}
{"payload":{"local_timestamp":1710491361758,"message_id":19,"metric":{"epoch":null,"metricName":"sys.gpu.0.used_memory","metricValue":528875520,"step":null}},"type":"metric_msg"}
{"payload":{"local_timestamp":1710491361758,"message_id":20,"metric":{"epoch":null,"metricName":"sys.gpu.0.percent.used_memory","metricValue":8.209228515625,"step":null}},"type":"metric_msg"}
{"payload":{"additional_params":{"assetId":"b151414ed1d14d8aa229b1d2c9d36926","context":null,"extension":"yaml","fileName":"DataSet.yaml","overwrite":false,"runId":null,"step":null},"clean":true,"file_path":"tmpaat_itci","local_timestamp":1710491361759,"message_id":21,"metadata":{"type":"data-config-file"},"upload_type":"asset"},"type":"file_upload"}
{"payload":{"local_timestamp":1710491361764,"log_other":{"key":"Created from","val":"YOLOv5"},"message_id":22},"type":"ws_msg"}
{"payload":{"local_timestamp":1710491361764,"log_other":{"key":"hasNestedParams","val":true},"message_id":23},"type":"ws_msg"}
{"payload":{"local_timestamp":1710491361764,"message_id":24,"param":{"paramName":"artifact_alias","paramValue":"latest","source":"manual","step":null}},"type":"parameter_msg"}
{"payload":{"local_timestamp":1710491361764,"message_id":25,"param":{"paramName":"batch_size","paramValue":30,"source":"manual","step":null}},"type":"parameter_msg"}
{"payload":{"local_timestamp":1710491361764,"message_id":26,"param":{"paramName":"bbox_interval","paramValue":-1,"source":"manual","step":null}},"type":"parameter_msg"}
{"payload":{"local_timestamp":1710491361764,"message_id":27,"param":{"paramName":"bucket","paramValue":"","source":"manual","step":null}},"type":"parameter_msg"}
{"payload":{"local_timestamp":1710491361764,"message_id":28,"param":{"paramName":"cache","paramValue":null,"source":"manual","step":null}},"type":"parameter_msg"}
{"payload":{"local_timestamp":1710491361764,"message_id":29,"param":{"paramName":"cfg","paramValue":"","source":"manual","step":null}},"type":"parameter_msg"}
{"payload":{"local_timestamp":1710491361764,"message_id":30,"param":{"paramName":"cos_lr","paramValue":false,"source":"manual","step":null}},"type":"parameter_msg"}
{"payload":{"local_timestamp":1710491361765,"message_id":31,"param":{"paramName":"device","paramValue":"0","source":"manual","step":null}},"type":"parameter_msg"}
{"payload":{"local_timestamp":1710491361765,"message_id":32,"param":{"paramName":"entity","paramValue":null,"source":"manual","step":null}},"type":"parameter_msg"}
{"payload":{"local_timestamp":1710491361765,"message_id":33,"param":{"paramName":"evolve","paramValue":null,"source":"manual","step":null}},"type":"parameter_msg"}
{"payload":{"local_timestamp":1710491361765,"message_id":34,"param":{"paramName":"evolve_population","paramValue":"data\\hyps","source":"manual","step":null}},"type":"parameter_msg"}
{"payload":{"local_timestamp":1710491361765,"message_id":35,"param":{"paramName":"exist_ok","paramValue":false,"source":"manual","step":null}},"type":"parameter_msg"}
{"payload":{"local_timestamp":1710491361765,"message_id":36,"params":{"paramName":"freeze","paramValue":[0],"source":"manual","step":null}},"type":"parameter_msg"}
{"payload":{"local_timestamp":1710491361765,"message_id":37,"param":{"paramName":"hyp|anchor_t","paramValue":4.0,"source":"manual","step":null}},"type":"parameter_msg"}
{"payload":{"local_timestamp":1710491361765,"message_id":38,"param":{"paramName":"hyp|box","paramValue":0.05,"source":"manual","step":null}},"type":"parameter_msg"}
{"payload":{"local_timestamp":1710491361765,"message_id":39,"param":{"paramName":"hyp|cls","paramValue":0.5,"source":"manual","step":null}},"type":"parameter_msg"}
{"payload":{"local_timestamp":1710491361765,"message_id":40,"param":{"paramName":"hyp|cls_pw","paramValue":1.0,"source":"manual","step":null}},"type":"parameter_msg"}
{"payload":{"local_timestamp":1710491361765,"message_id":41,"param":{"paramName":"hyp|copy_paste","paramValue":0.0,"source":"manual","step":null}},"type":"parameter_msg"}
{"payload":{"local_timestamp":1710491361765,"message_id":42,"param":{"paramName":"hyp|degrees","paramValue":0.0,"source":"manual","step":null}},"type":"parameter_msg"}
{"payload":{"local_timestamp":1710491361765,"message_id":43,"param":{"paramName":"hyp|fl_gamma","paramValue":0.0,"source":"manual","step":null}},"type":"parameter_msg"}
{"payload":{"local_timestamp":1710491361765,"message_id":44,"param":{"paramName":"hyp|fliplr","paramValue":0.5,"source":"manual","step":null}},"type":"parameter_msg"}
{"payload":{"local_timestamp":1710491361765,"message_id":45,"param":{"paramName":"hyp|flipud","paramValue":0.0,"source":"manual","step":null}},"type":"parameter_msg"}
{"payload":{"local_timestamp":1710491361765,"message_id":46,"param":{"paramName":"hyp|hsv_h","paramValue":0.015,"source":"manual","step":null}},"type":"parameter_msg"}
{"payload":{"local_timestamp":1710491361765,"message_id":47,"param":{"paramName":"hyp|hsv_s","paramValue":0.7,"source":"manual","step":null}},"type":"parameter_msg"}
{"payload":{"local_timestamp":1710491361765,"message_id":48,"param":{"paramName":"hyp|hsv_v","paramValue":0.4,"source":"manual","step":null}},"type":"parameter_msg"}
{"payload":{"local_timestamp":1710491361765,"message_id":49,"param":{"paramName":"hyp|iou_t","paramValue":0.2,"source":"manual","step":null}},"type":"parameter_msg"}
{"payload":{"local_timestamp":1710491361765,"message_id":50,"param":{"paramName":"hyp|lr0","paramValue":0.01,"source":"manual","step":null}},"type":"parameter_msg"}
{"payload":{"local_timestamp":1710491361765,"message_id":51,"param":{"paramName":"hyp|lrf","paramValue":0.01,"source":"manual","step":null}},"type":"parameter_msg"}
{"payload":{"local_timestamp":1710491361765,"message_id":52,"param":{"paramName":"hyp|mixup","paramValue":0.0,"source":"manual","step":null}},"type":"parameter_msg"}
{"payload":{"local_timestamp":1710491361765,"message_id":53,"param":{"paramName":"hyp|momentum","paramValue":0.937,"source":"manual","step":null}},"type":"parameter_msg"}
{"payload":{"local_timestamp":1710491361765,"message_id":54,"param":{"paramName":"hyp|mosaic","paramValue":1.0,"source":"manual","step":null}},"type":"parameter_msg"}
{"payload":{"local_timestamp":1710491361765,"message_id":55,"param":{"paramName":"hyp|obj","paramValue":1.0,"source":"manual","step":null}},"type":"parameter_msg"}
{"payload":{"local_timestamp":1710491361765,"message_id":56,"param":{"paramName":"hyp|obj_pw","paramValue":1.0,"source":"manual","step":null}},"type":"parameter_msg"}
{"payload":{"local_timestamp":1710491361765,"message_id":57,"param":{"paramName":"hyp|perspective","paramValue":0.0,"source":"manual","step":null}},"type":"parameter_msg"}
{"payload":{"local_timestamp":1710491361765,"message_id":58,"param":{"paramName":"hyp|scale","paramValue":0.5,"source":"manual","step":null}},"type":"parameter_msg"}
{"payload":{"local_timestamp":1710491361765,"message_id":59,"param":{"paramName":"hyp|shear","paramValue":0.0,"source":"manual","step":null}},"type":"parameter_msg"}
{"payload":{"local_timestamp":1710491361765,"message_id":60,"param":{"paramName":"hyp|translate","paramValue":0.1,"source":"manual","step":null}},"type":"parameter_msg"}
{"payload":{"local_timestamp":1710491361765,"message_id":61,"param":{"paramName":"hyp|warmup_bias_lr","paramValue":0.1,"source":"manual","step":null}},"type":"parameter_msg"}
{"payload":{"local_timestamp":1710491361765,"message_id":62,"param":{"paramName":"hyp|warmup_epochs","paramValue":3.0,"source":"manual","step":null}},"type":"parameter_msg"}
{"payload":{"local_timestamp":1710491361765,"message_id":63,"param":{"paramName":"hyp|warmup_momentum","paramValue":0.8,"source":"manual","step":null}},"type":"parameter_msg"}
{"payload":{"local_timestamp":1710491361765,"message_id":64,"param":{"paramName":"hyp|weight_decay","paramValue":0.0005,"source":"manual","step":null}},"type":"parameter_msg"}
{"payload":{"local_timestamp":1710491361765,"message_id":65,"param":{"paramName":"image_weights","paramValue":false,"source":"manual","step":null}},"type":"parameter_msg"}
{"payload":{"local_timestamp":1710491361765,"message_id":66,"param":{"paramName":"imgsz","paramValue":640,"source":"manual","step":null}},"type":"parameter_msg"}
{"payload":{"local_timestamp":1710491361765,"message_id":67,"param":{"paramName":"label_smoothing","paramValue":0.0,"source":"manual","step":null}},"type":"parameter_msg"}
{"payload":{"local_timestamp":1710491361765,"message_id":68,"param":{"paramName":"local_rank","paramValue":-1,"source":"manual","step":null}},"type":"parameter_msg"}
{"payload":{"local_timestamp":1710491361765,"message_id":69,"param":{"paramName":"multi_scale","paramValue":false,"source":"manual","step":null}},"type":"parameter_msg"}
{"payload":{"local_timestamp":1710491361765,"message_id":70,"param":{"paramName":"ndjson_console","paramValue":false,"source":"manual","step":null}},"type":"parameter_msg"}
{"payload":{"local_timestamp":1710491361765,"message_id":71,"param":{"paramName":"ndjson_file","paramValue":false,"source":"manual","step":null}},"type":"parameter_msg"}
{"payload":{"local_timestamp":1710491361765,"message_id":72,"param":{"paramName":"noautoanchor","paramValue":false,"source":"manual","step":null}},"type":"parameter_msg"}
{"payload":{"local_timestamp":1710491361765,"message_id":73,"param":{"paramName":"noplots","paramValue":false,"source":"manual","step":null}},"type":"parameter_msg"}
{"payload":{"local_timestamp":1710491361765,"message_id":74,"param":{"paramName":"noval","paramValue":false,"source":"manual","step":null}},"type":"parameter_msg"}
{"payload":{"local_timestamp":1710491361765,"message_id":75,"param":{"paramName":"optimizer","paramValue":"SGD","source":"manual","step":null}},"type":"parameter_msg"}
{"payload":{"local_timestamp":1710491361765,"message_id":76,"param":{"paramName":"patience","paramValue":100,"source":"manual","step":null}},"type":"parameter_msg"}
{"payload":{"local_timestamp":1710491361765,"message_id":77,"param":{"paramName":"project","paramValue":"runs\\train","source":"manual","step":null}},"type":"parameter_msg"}
{"payload":{"local_timestamp":1710491361765,"message_id":78,"param":{"paramName":"quad","paramValue":false,"source":"manual","step":null}},"type":"parameter_msg"}
{"payload":{"local_timestamp":1710491361765,"message_id":79,"param":{"paramName":"rect","paramValue":false,"source":"manual","step":null}},"type":"parameter_msg"}
{"payload":{"local_timestamp":1710491361765,"message_id":80,"param":{"paramName":"resume","paramValue":false,"source":"manual","step":null}},"type":"parameter_msg"}
{"payload":{"local_timestamp":1710491361765,"message_id":81,"param":{"paramName":"resume_evolve","paramValue":null,"source":"manual","step":null}},"type":"parameter_msg"}
{"payload":{"local_timestamp":1710491361765,"message_id":82,"param":{"paramName":"save_dir","paramValue":"runs\\train\\calling_smoking","source":"manual","step":null}},"type":"parameter_msg"}
{"payload":{"local_timestamp":1710491361765,"message_id":83,"param":{"paramName":"save_period","paramValue":-1,"source":"manual","step":null}},"type":"parameter_msg"}
{"payload":{"local_timestamp":1710491361765,"message_id":84,"param":{"paramName":"seed","paramValue":0,"source":"manual","step":null}},"type":"parameter_msg"}
{"payload":{"local_timestamp":1710491361765,"message_id":85,"param":{"paramName":"single_cls","paramValue":false,"source":"manual","step":null}},"type":"parameter_msg"}
{"payload":{"local_timestamp":1710491361765,"message_id":86,"param":{"paramName":"sync_bn","paramValue":false,"source":"manual","step":null}},"type":"parameter_msg"}
{"payload":{"local_timestamp":1710491361765,"message_id":87,"param":{"paramName":"upload_dataset","paramValue":false,"source":"manual","step":null}},"type":"parameter_msg"}
{"payload":{"local_timestamp":1710491361765,"message_id":88,"param":{"paramName":"workers","paramValue":8,"source":"manual","step":null}},"type":"parameter_msg"}
{"payload":{"local_timestamp":1710491361766,"message_id":89,"param":{"paramName":"anchor_t","paramValue":4.0,"source":"manual","step":null}},"type":"parameter_msg"}
{"payload":{"local_timestamp":1710491361766,"message_id":90,"param":{"paramName":"box","paramValue":0.05,"source":"manual","step":null}},"type":"parameter_msg"}
{"payload":{"local_timestamp":1710491361766,"message_id":91,"param":{"paramName":"cls","paramValue":0.5,"source":"manual","step":null}},"type":"parameter_msg"}
{"payload":{"local_timestamp":1710491361766,"message_id":92,"param":{"paramName":"cls_pw","paramValue":1.0,"source":"manual","step":null}},"type":"parameter_msg"}
{"payload":{"local_timestamp":1710491361766,"message_id":93,"param":{"paramName":"copy_paste","paramValue":0.0,"source":"manual","step":null}},"type":"parameter_msg"}
{"payload":{"local_timestamp":1710491361766,"message_id":94,"param":{"paramName":"degrees","paramValue":0.0,"source":"manual","step":null}},"type":"parameter_msg"}
{"payload":{"local_timestamp":1710491361766,"message_id":95,"param":{"paramName":"fl_gamma","paramValue":0.0,"source":"manual","step":null}},"type":"parameter_msg"}
{"payload":{"local_timestamp":1710491361766,"message_id":96,"param":{"paramName":"fliplr","paramValue":0.5,"source":"manual","step":null}},"type":"parameter_msg"}
{"payload":{"local_timestamp":1710491361766,"message_id":97,"param":{"paramName":"flipud","paramValue":0.0,"source":"manual","step":null}},"type":"parameter_msg"}
{"payload":{"local_timestamp":1710491361766,"message_id":98,"param":{"paramName":"hsv_h","paramValue":0.015,"source":"manual","step":null}},"type":"parameter_msg"}
{"payload":{"local_timestamp":1710491361766,"message_id":99,"param":{"paramName":"hsv_s","paramValue":0.7,"source":"manual","step":null}},"type":"parameter_msg"}
{"payload":{"local_timestamp":1710491361766,"message_id":100,"param":{"paramName":"hsv_v","paramValue":0.4,"source":"manual","step":null}},"type":"parameter_msg"}
{"payload":{"local_timestamp":1710491361766,"message_id":101,"param":{"paramName":"iou_t","paramValue":0.2,"source":"manual","step":null}},"type":"parameter_msg"}
{"payload":{"local_timestamp":1710491361766,"message_id":102,"param":{"paramName":"lr0","paramValue":0.01,"source":"manual","step":null}},"type":"parameter_msg"}
{"payload":{"local_timestamp":1710491361766,"message_id":103,"param":{"paramName":"lrf","paramValue":0.01,"source":"manual","step":null}},"type":"parameter_msg"}
{"payload":{"local_timestamp":1710491361766,"message_id":104,"param":{"paramName":"mixup","paramValue":0.0,"source":"manual","step":null}},"type":"parameter_msg"}
{"payload":{"local_timestamp":1710491361766,"message_id":105,"param":{"paramName":"momentum","paramValue":0.937,"source":"manual","step":null}},"type":"parameter_msg"}
{"payload":{"local_timestamp":1710491361766,"message_id":106,"param":{"paramName":"mosaic","paramValue":1.0,"source":"manual","step":null}},"type":"parameter_msg"}
{"payload":{"local_timestamp":1710491361766,"message_id":107,"param":{"paramName":"obj","paramValue":1.0,"source":"manual","step":null}},"type":"parameter_msg"}
{"payload":{"local_timestamp":1710491361766,"message_id":108,"param":{"paramName":"obj_pw","paramValue":1.0,"source":"manual","step":null}},"type":"parameter_msg"}
{"payload":{"local_timestamp":1710491361766,"message_id":109,"param":{"paramName":"perspective","paramValue":0.0,"source":"manual","step":null}},"type":"parameter_msg"}
{"payload":{"local_timestamp":1710491361766,"message_id":110,"param":{"paramName":"scale","paramValue":0.5,"source":"manual","step":null}},"type":"parameter_msg"}
{"payload":{"local_timestamp":1710491361766,"message_id":111,"param":{"paramName":"shear","paramValue":0.0,"source":"manual","step":null}},"type":"parameter_msg"}
{"payload":{"local_timestamp":1710491361766,"message_id":112,"param":{"paramName":"translate","paramValue":0.1,"source":"manual","step":null}},"type":"parameter_msg"}
{"payload":{"local_timestamp":1710491361766,"message_id":113,"param":{"paramName":"warmup_bias_lr","paramValue":0.1,"source":"manual","step":null}},"type":"parameter_msg"}
{"payload":{"local_timestamp":1710491361766,"message_id":114,"param":{"paramName":"warmup_epochs","paramValue":3.0,"source":"manual","step":null}},"type":"parameter_msg"}
{"payload":{"local_timestamp":1710491361766,"message_id":115,"param":{"paramName":"warmup_momentum","paramValue":0.8,"source":"manual","step":null}},"type":"parameter_msg"}
{"payload":{"local_timestamp":1710491361766,"message_id":116,"param":{"paramName":"weight_decay","paramValue":0.0005,"source":"manual","step":null}},"type":"parameter_msg"}
{"payload":{"additional_params":{"assetId":"d1ca8bcef4164e27bd1b8c51c529816d","context":null,"epoch":null,"extension":"json","fileName":"hyperparameters.json","overwrite":false,"runId":null,"step":null},"clean":true,"file_path":"tmpv6apm5pi","local_timestamp":1710491361785,"message_id":117,"metadata":{"type":"hyp-config-file"},"upload_type":"asset"},"type":"file_upload"}
{"payload":{"additional_params":{"assetId":"5e73f8a9736246d790dfe528cb4d948a","context":null,"extension":"yaml","fileName":"opt.yaml","overwrite":false,"runId":null,"step":null},"clean":true,"file_path":"tmpiry4da3i","local_timestamp":1710491361769,"message_id":118,"metadata":{"type":"opt-config-file"},"upload_type":"asset"},"type":"file_upload"}
{"payload":{"local_timestamp":1710491361769,"message_id":119,"param":{"paramName":"val_conf_threshold","paramValue":0.001,"source":"manual","step":null}},"type":"parameter_msg"}
{"payload":{"local_timestamp":1710491361769,"message_id":120,"param":{"paramName":"val_iou_threshold","paramValue":0.6,"source":"manual","step":null}},"type":"parameter_msg"}
{"payload":{"local_timestamp":1710491361769,"log_other":{"key":"comet_mode","val":"online"},"message_id":121},"type":"ws_msg"}
{"payload":{"local_timestamp":1710491361769,"log_other":{"key":"comet_max_image_uploads","val":100},"message_id":122},"type":"ws_msg"}
{"payload":{"local_timestamp":1710491361769,"log_other":{"key":"comet_log_per_class_metrics","val":false},"message_id":123},"type":"ws_msg"}
{"payload":{"local_timestamp":1710491361769,"log_other":{"key":"comet_log_batch_metrics","val":false},"message_id":124},"type":"ws_msg"}
{"payload":{"local_timestamp":1710491361769,"log_other":{"key":"comet_log_confusion_matrix","val":true},"message_id":125},"type":"ws_msg"}
{"payload":{"local_timestamp":1710491361769,"log_other":{"key":"comet_model_name","val":"yolov5"},"message_id":126},"type":"ws_msg"}
{"payload":{"local_timestamp":1710491361842,"message_id":127,"stderr":true,"stdout":"Overriding model.yaml nc=80 with nc=3\n"},"type":"ws_msg"}
{"payload":{"local_timestamp":1710491361843,"message_id":128,"stderr":true,"stdout":"\n                 from  n    params  module                                  arguments                     \n"},"type":"ws_msg"}
{"payload":{"local_timestamp":1710491361855,"message_id":129,"stderr":true,"stdout":"  0                -1  1      3520  models.common.Conv                      [3, 32, 6, 2, 2]              \n"},"type":"ws_msg"}
{"payload":{"local_timestamp":1710491361856,"message_id":130,"stderr":true,"stdout":"  1                -1  1     18560  models.common.Conv                      [32, 64, 3, 2]                \n"},"type":"ws_msg"}
{"payload":{"local_timestamp":1710491361858,"message_id":131,"stderr":true,"stdout":"  2                -1  1     18816  models.common.C3                        [64, 64, 1]                   \n"},"type":"ws_msg"}
{"payload":{"local_timestamp":1710491361859,"message_id":132,"stderr":true,"stdout":"  3                -1  1     73984  models.common.Conv                      [64, 128, 3, 2]               \n"},"type":"ws_msg"}
{"payload":{"local_timestamp":1710491362241,"message_id":133,"metric":{"epoch":null,"metricName":"sys.cpu.percent.avg","metricValue":0.0,"step":null}},"type":"metric_msg"}
{"payload":{"local_timestamp":1710491362241,"message_id":134,"metric":{"epoch":null,"metricName":"sys.ram.total","metricValue":17040195584,"step":null}},"type":"metric_msg"}
{"payload":{"local_timestamp":1710491362241,"message_id":135,"metric":{"epoch":null,"metricName":"sys.ram.used","metricValue":12292378624,"step":null}},"type":"metric_msg"}
{"payload":{"local_timestamp":1710491362241,"message_id":136,"metric":{"epoch":null,"metricName":"sys.ram.available","metricValue":4747816960,"step":null}},"type":"metric_msg"}
{"payload":{"local_timestamp":1710491362241,"message_id":137,"metric":{"epoch":null,"metricName":"sys.ram.percent.used","metricValue":72.1,"step":null}},"type":"metric_msg"}
{"payload":{"local_timestamp":1710491362241,"message_id":138,"metric":{"epoch":null,"metricName":"sys.load.avg","metricValue":0.0,"step":null}},"type":"metric_msg"}
{"payload":{"local_timestamp":1710491362245,"message_id":139,"stderr":true,"stdout":"  4                -1  2    115712  models.common.C3                        [128, 128, 2]                 \n"},"type":"ws_msg"}
{"payload":{"local_timestamp":1710491362247,"message_id":140,"stderr":true,"stdout":"  5                -1  1    295424  models.common.Conv                      [128, 256, 3, 2]              \n"},"type":"ws_msg"}
{"payload":{"local_timestamp":1710491362256,"message_id":141,"stderr":true,"stdout":"  6                -1  3    625152  models.common.C3                        [256, 256, 3]                 \n"},"type":"ws_msg"}
{"payload":{"local_timestamp":1710491362267,"message_id":142,"stderr":true,"stdout":"  7                -1  1   1180672  models.common.Conv                      [256, 512, 3, 2]              \n"},"type":"ws_msg"}
{"payload":{"local_timestamp":1710491362277,"message_id":143,"stderr":true,"stdout":"  8                -1  1   1182720  models.common.C3                        [512, 512, 1]                 \n"},"type":"ws_msg"}
{"payload":{"local_timestamp":1710491362281,"message_id":144,"stderr":true,"stdout":"  9                -1  1    656896  models.common.SPPF                      [512, 512, 5]                 \n"},"type":"ws_msg"}
{"payload":{"local_timestamp":1710491362283,"message_id":145,"stderr":true,"stdout":" 10                -1  1    131584  models.common.Conv                      [512, 256, 1, 1]              \n"},"type":"ws_msg"}
{"payload":{"local_timestamp":1710491362283,"message_id":146,"stderr":true,"stdout":" 11                -1  1         0  torch.nn.modules.upsampling.Upsample    [None, 2, 'nearest']          \n"},"type":"ws_msg"}
{"payload":{"local_timestamp":1710491362284,"message_id":147,"stderr":true,"stdout":" 12           [-1, 6]  1         0  models.common.Concat                    [1]                           \n"},"type":"ws_msg"}
{"payload":{"local_timestamp":1710491362288,"message_id":148,"stderr":true,"stdout":" 13                -1  1    361984  models.common.C3                        [512, 256, 1, False]          \n"},"type":"ws_msg"}
{"payload":{"local_timestamp":1710491362289,"message_id":149,"stderr":true,"stdout":" 14                -1  1     33024  models.common.Conv                      [256, 128, 1, 1]              \n"},"type":"ws_msg"}
{"payload":{"local_timestamp":1710491362290,"message_id":150,"stderr":true,"stdout":" 15                -1  1         0  torch.nn.modules.upsampling.Upsample    [None, 2, 'nearest']          \n"},"type":"ws_msg"}
{"payload":{"local_timestamp":1710491362290,"message_id":151,"stderr":true,"stdout":" 16           [-1, 4]  1         0  models.common.Concat                    [1]                           \n"},"type":"ws_msg"}
{"payload":{"local_timestamp":1710491362295,"message_id":152,"stderr":true,"stdout":" 17                -1  1     90880  models.common.C3                        [256, 128, 1, False]          \n"},"type":"ws_msg"}
{"payload":{"local_timestamp":1710491362296,"message_id":153,"stderr":true,"stdout":" 18                -1  1    147712  models.common.Conv                      [128, 128, 3, 2]              \n"},"type":"ws_msg"}
{"payload":{"local_timestamp":1710491362297,"message_id":154,"stderr":true,"stdout":" 19          [-1, 14]  1         0  models.common.Concat                    [1]                           \n"},"type":"ws_msg"}
{"payload":{"local_timestamp":1710491362301,"message_id":155,"stderr":true,"stdout":" 20                -1  1    296448  models.common.C3                        [256, 256, 1, False]          \n"},"type":"ws_msg"}
{"payload":{"local_timestamp":1710491362305,"message_id":156,"stderr":true,"stdout":" 21                -1  1    590336  models.common.Conv                      [256, 256, 3, 2]              \n"},"type":"ws_msg"}
{"payload":{"local_timestamp":1710491362306,"message_id":157,"stderr":true,"stdout":" 22          [-1, 10]  1         0  models.common.Concat                    [1]                           \n"},"type":"ws_msg"}
{"payload":{"local_timestamp":1710491362315,"message_id":158,"stderr":true,"stdout":" 23                -1  1   1182720  models.common.C3                        [512, 512, 1, False]          \n"},"type":"ws_msg"}
{"payload":{"local_timestamp":1710491362322,"message_id":159,"stderr":true,"stdout":" 24      [17, 20, 23]  1     21576  models.yolo.Detect                      [3, [[10, 13, 16, 30, 33, 23], [30, 61, 62, 45, 59, 119], [116, 90, 156, 198, 373, 326]], [128, 256, 512]]\n"},"type":"ws_msg"}
{"payload":{"local_timestamp":1710491362643,"message_id":160,"stderr":true,"stdout":"Model summary: 214 layers, 7027720 parameters, 7027720 gradients, 16.0 GFLOPs\n"},"type":"ws_msg"}
{"payload":{"local_timestamp":1710491362643,"message_id":161,"stderr":true,"stdout":"\n"},"type":"ws_msg"}
{"payload":{"git_meta":{"branch":"refs/heads/master","origin":"https://github.com/Ninepoint5off/YOLOv5forguaduation.git","parent":"4e3e5222cf44f75ac3f572ac1f3b03c38bd66e7a","repo_name":"YOLOv5forguaduation","root":"1e84a23f38fad9e52b59101e9f1246d93066ed1e","status":null,"user":"SunJar"},"local_timestamp":1710491362794,"message_id":162},"type":"ws_msg"}
{"payload":{"local_timestamp":1710491363003,"message_id":163,"stderr":true,"stdout":"Transferred 343/349 items from yolov5s.pt\n"},"type":"ws_msg"}
{"payload":{"additional_params":{"assetId":"6d25df27b1f1459a94593c3fa7044921","context":null,"epoch":null,"extension":"yml","fileName":"conda-environment.yml","overwrite":false,"runId":null,"step":null,"type":"conda-environment-definition"},"clean":true,"file_path":"tmpm3xzemqe","local_timestamp":1710491369302,"message_id":164,"metadata":{},"upload_type":"conda-environment-definition"},"type":"file_upload"}
{"payload":{"additional_params":{"assetId":"25828cc97afa47a48dd8b6d2ab461a34","context":null,"epoch":null,"extension":"txt","fileName":"conda-spec.txt","overwrite":false,"runId":null,"step":null,"type":"conda-specification"},"clean":true,"file_path":"tmpn_lalb4k","local_timestamp":1710491371433,"message_id":165,"metadata":{},"upload_type":"conda-specification"},"type":"file_upload"}
{"payload":{"additional_params":{"assetId":"f0f342cf200d4965a81307c368247d59","context":null,"epoch":null,"extension":"yml","fileName":"conda-info.yml","overwrite":false,"runId":null,"step":null,"type":"conda-info"},"clean":true,"file_path":"tmptbmd61_p","local_timestamp":1710491373682,"message_id":166,"metadata":{},"upload_type":"conda-info"},"type":"file_upload"}
{"payload":{"local_timestamp":1710491376997,"message_id":167,"stderr":true,"stdout":"\u001b[34m\u001b[1mAMP: \u001b[0mchecks passed \n"},"type":"ws_msg"}
{"payload":{"local_timestamp":1710491376999,"message_id":168,"stderr":true,"stdout":"\u001b[34m\u001b[1moptimizer:\u001b[0m SGD(lr=0.01) with parameter groups 57 weight(decay=0.0), 60 weight(decay=0.00046875), 60 bias\n"},"type":"ws_msg"}
{"payload":{"local_timestamp":1710491379596,"message_id":169,"stderr":true,"stdout":"\r\u001b[34m\u001b[1mtrain: \u001b[0mScanning C:\\Users\\PC\\Desktop\\graduation_project\\graduation_project\\yolov5\\DataSet\\labels\\train.cache... 5343 images, 0 backgrounds, 0 corrupt: 100%|\u2588\u2588\u2588\u2588\u2588\u2588\u2588\u2588\u2588\u2588| 5343/534\u001b[0m"},"type":"ws_msg"}
{"payload":{"local_timestamp":1710491379597,"message_id":170,"stderr":true,"stdout":"\r\u001b[34m\u001b[1mtrain: \u001b[0mScanning C:\\Users\\PC\\Desktop\\graduation_project\\graduation_project\\yolov5\\DataSet\\labels\\train.cache... 5343 images, 0 backgrounds, 0 corrupt: 100%|\u2588\u2588\u2588\u2588\u2588\u2588\u2588\u2588\u2588\u2588| 5343/534\u001b[0m"},"type":"ws_msg"}
{"payload":{"local_timestamp":1710491379597,"message_id":171,"stderr":true,"stdout":"\n"},"type":"ws_msg"}
{"payload":{"local_timestamp":1710491392614,"message_id":172,"metric":{"epoch":null,"metricName":"sys.gpu.0.gpu_utilization","metricValue":1,"step":null}},"type":"metric_msg"}
{"payload":{"local_timestamp":1710491392614,"message_id":173,"metric":{"epoch":null,"metricName":"sys.gpu.0.power_usage","metricValue":5953,"step":null}},"type":"metric_msg"}
{"payload":{"local_timestamp":1710491392614,"message_id":174,"metric":{"epoch":null,"metricName":"sys.gpu.0.temperature","metricValue":60,"step":null}},"type":"metric_msg"}
{"payload":{"local_timestamp":1710491392614,"message_id":175,"metric":{"epoch":null,"metricName":"sys.gpu.0.memory_utilization","metricValue":7,"step":null}},"type":"metric_msg"}
{"payload":{"local_timestamp":1710491392614,"message_id":176,"metric":{"epoch":null,"metricName":"sys.gpu.0.free_memory","metricValue":5683437568,"step":null}},"type":"metric_msg"}
{"payload":{"local_timestamp":1710491392614,"message_id":177,"metric":{"epoch":null,"metricName":"sys.gpu.0.used_memory","metricValue":759013376,"step":null}},"type":"metric_msg"}
{"payload":{"local_timestamp":1710491392614,"message_id":178,"metric":{"epoch":null,"metricName":"sys.gpu.0.percent.used_memory","metricValue":11.78143819173177,"step":null}},"type":"metric_msg"}
{"payload":{"local_timestamp":1710491392725,"message_id":179,"metric":{"epoch":null,"metricName":"sys.cpu.percent.avg","metricValue":16.01875,"step":null}},"type":"metric_msg"}
{"payload":{"local_timestamp":1710491392725,"message_id":180,"metric":{"epoch":null,"metricName":"sys.ram.total","metricValue":17040195584,"step":null}},"type":"metric_msg"}
{"payload":{"local_timestamp":1710491392725,"message_id":181,"metric":{"epoch":null,"metricName":"sys.ram.used","metricValue":14139338752,"step":null}},"type":"metric_msg"}
{"payload":{"local_timestamp":1710491392725,"message_id":182,"metric":{"epoch":null,"metricName":"sys.ram.available","metricValue":2900856832,"step":null}},"type":"metric_msg"}
{"payload":{"local_timestamp":1710491392725,"message_id":183,"metric":{"epoch":null,"metricName":"sys.ram.percent.used","metricValue":83.0,"step":null}},"type":"metric_msg"}
{"payload":{"local_timestamp":1710491392725,"message_id":184,"metric":{"epoch":null,"metricName":"sys.load.avg","metricValue":0.0,"step":null}},"type":"metric_msg"}
{"payload":{"local_timestamp":1710491392845,"message_id":185,"metric":{"epoch":null,"metricName":"sys.network.send_bps","metricValue":208,"step":null}},"type":"metric_msg"}
{"payload":{"local_timestamp":1710491392845,"message_id":186,"metric":{"epoch":null,"metricName":"sys.network.receive_bps","metricValue":228,"step":null}},"type":"metric_msg"}
{"payload":{"local_timestamp":1710491392946,"message_id":187,"metric":{"epoch":null,"metricName":"sys.disk.read_bps","metricValue":11048223.775266575,"step":null}},"type":"metric_msg"}
{"payload":{"local_timestamp":1710491392948,"message_id":188,"metric":{"epoch":null,"metricName":"sys.disk.write_bps","metricValue":536589.7897386493,"step":null}},"type":"metric_msg"}
{"payload":{"local_timestamp":1710491423103,"message_id":189,"metric":{"epoch":null,"metricName":"sys.gpu.0.gpu_utilization","metricValue":6,"step":null}},"type":"metric_msg"}
{"payload":{"local_timestamp":1710491423103,"message_id":190,"metric":{"epoch":null,"metricName":"sys.gpu.0.power_usage","metricValue":6289,"step":null}},"type":"metric_msg"}
{"payload":{"local_timestamp":1710491423103,"message_id":191,"metric":{"epoch":null,"metricName":"sys.gpu.0.temperature","metricValue":61,"step":null}},"type":"metric_msg"}
{"payload":{"local_timestamp":1710491423103,"message_id":192,"metric":{"epoch":null,"metricName":"sys.gpu.0.memory_utilization","metricValue":8,"step":null}},"type":"metric_msg"}
{"payload":{"local_timestamp":1710491423103,"message_id":193,"metric":{"epoch":null,"metricName":"sys.gpu.0.free_memory","metricValue":5683437568,"step":null}},"type":"metric_msg"}
{"payload":{"local_timestamp":1710491423103,"message_id":194,"metric":{"epoch":null,"metricName":"sys.gpu.0.used_memory","metricValue":759013376,"step":null}},"type":"metric_msg"}
{"payload":{"local_timestamp":1710491423103,"message_id":195,"metric":{"epoch":null,"metricName":"sys.gpu.0.percent.used_memory","metricValue":11.78143819173177,"step":null}},"type":"metric_msg"}
{"payload":{"local_timestamp":1710491423215,"message_id":196,"metric":{"epoch":null,"metricName":"sys.cpu.percent.avg","metricValue":19.00625,"step":null}},"type":"metric_msg"}
{"payload":{"local_timestamp":1710491423215,"message_id":197,"metric":{"epoch":null,"metricName":"sys.ram.total","metricValue":17040195584,"step":null}},"type":"metric_msg"}
{"payload":{"local_timestamp":1710491423215,"message_id":198,"metric":{"epoch":null,"metricName":"sys.ram.used","metricValue":14977839104,"step":null}},"type":"metric_msg"}
{"payload":{"local_timestamp":1710491423215,"message_id":199,"metric":{"epoch":null,"metricName":"sys.ram.available","metricValue":2062356480,"step":null}},"type":"metric_msg"}
{"payload":{"local_timestamp":1710491423215,"message_id":200,"metric":{"epoch":null,"metricName":"sys.ram.percent.used","metricValue":87.9,"step":null}},"type":"metric_msg"}
{"payload":{"local_timestamp":1710491423216,"message_id":201,"metric":{"epoch":null,"metricName":"sys.load.avg","metricValue":0.0,"step":null}},"type":"metric_msg"}
{"payload":{"local_timestamp":1710491423333,"message_id":202,"metric":{"epoch":null,"metricName":"sys.network.send_bps","metricValue":718,"step":null}},"type":"metric_msg"}
{"payload":{"local_timestamp":1710491423333,"message_id":203,"metric":{"epoch":null,"metricName":"sys.network.receive_bps","metricValue":1129,"step":null}},"type":"metric_msg"}
{"payload":{"local_timestamp":1710491423434,"message_id":204,"metric":{"epoch":null,"metricName":"sys.disk.read_bps","metricValue":347948.1465159999,"step":null}},"type":"metric_msg"}
{"payload":{"local_timestamp":1710491423434,"message_id":205,"metric":{"epoch":null,"metricName":"sys.disk.write_bps","metricValue":1238029.7003310737,"step":null}},"type":"metric_msg"}
{"payload":{"local_timestamp":1710491443332,"message_id":206,"stderr":true,"stdout":"\r\u001b[34m\u001b[1mval: \u001b[0mScanning C:\\Users\\PC\\Desktop\\graduation_project\\graduation_project\\yolov5\\DataSet\\labels\\val.cache... 30 images, 0 backgrounds, 0 corrupt: 100%|\u2588\u2588\u2588\u2588\u2588\u2588\u2588\u2588\u2588\u2588| 30/30 [00:00<?\u001b[0m"},"type":"ws_msg"}
{"payload":{"local_timestamp":1710491443333,"message_id":207,"stderr":true,"stdout":"\r\u001b[34m\u001b[1mval: \u001b[0mScanning C:\\Users\\PC\\Desktop\\graduation_project\\graduation_project\\yolov5\\DataSet\\labels\\val.cache... 30 images, 0 backgrounds, 0 corrupt: 100%|\u2588\u2588\u2588\u2588\u2588\u2588\u2588\u2588\u2588\u2588| 30/30 [00:00<?\u001b[0m"},"type":"ws_msg"}
{"payload":{"local_timestamp":1710491443333,"message_id":208,"stderr":true,"stdout":"\n"},"type":"ws_msg"}
{"payload":{"local_timestamp":1710491453641,"message_id":209,"metric":{"epoch":null,"metricName":"sys.gpu.0.gpu_utilization","metricValue":14,"step":null}},"type":"metric_msg"}
{"payload":{"local_timestamp":1710491453641,"message_id":210,"metric":{"epoch":null,"metricName":"sys.gpu.0.power_usage","metricValue":6617,"step":null}},"type":"metric_msg"}
{"payload":{"local_timestamp":1710491453641,"message_id":211,"metric":{"epoch":null,"metricName":"sys.gpu.0.temperature","metricValue":62,"step":null}},"type":"metric_msg"}
{"payload":{"local_timestamp":1710491453641,"message_id":212,"metric":{"epoch":null,"metricName":"sys.gpu.0.memory_utilization","metricValue":11,"step":null}},"type":"metric_msg"}
{"payload":{"local_timestamp":1710491453641,"message_id":213,"metric":{"epoch":null,"metricName":"sys.gpu.0.free_memory","metricValue":5683109888,"step":null}},"type":"metric_msg"}
{"payload":{"local_timestamp":1710491453641,"message_id":214,"metric":{"epoch":null,"metricName":"sys.gpu.0.used_memory","metricValue":759341056,"step":null}},"type":"metric_msg"}
{"payload":{"local_timestamp":1710491453641,"message_id":215,"metric":{"epoch":null,"metricName":"sys.gpu.0.percent.used_memory","metricValue":11.786524454752605,"step":null}},"type":"metric_msg"}
{"payload":{"local_timestamp":1710491453751,"message_id":216,"metric":{"epoch":null,"metricName":"sys.cpu.percent.avg","metricValue":22.46875,"step":null}},"type":"metric_msg"}
{"payload":{"local_timestamp":1710491453751,"message_id":217,"metric":{"epoch":null,"metricName":"sys.ram.total","metricValue":17040195584,"step":null}},"type":"metric_msg"}
{"payload":{"local_timestamp":1710491453752,"message_id":218,"metric":{"epoch":null,"metricName":"sys.ram.used","metricValue":16094859264,"step":null}},"type":"metric_msg"}
{"payload":{"local_timestamp":1710491453752,"message_id":219,"metric":{"epoch":null,"metricName":"sys.ram.available","metricValue":945336320,"step":null}},"type":"metric_msg"}
{"payload":{"local_timestamp":1710491453752,"message_id":220,"metric":{"epoch":null,"metricName":"sys.ram.percent.used","metricValue":94.5,"step":null}},"type":"metric_msg"}
{"payload":{"local_timestamp":1710491453752,"message_id":221,"metric":{"epoch":null,"metricName":"sys.load.avg","metricValue":0.0,"step":null}},"type":"metric_msg"}
{"payload":{"local_timestamp":1710491453870,"message_id":222,"metric":{"epoch":null,"metricName":"sys.network.send_bps","metricValue":2097,"step":null}},"type":"metric_msg"}
{"payload":{"local_timestamp":1710491453870,"message_id":223,"metric":{"epoch":null,"metricName":"sys.network.receive_bps","metricValue":1494,"step":null}},"type":"metric_msg"}
{"payload":{"local_timestamp":1710491453970,"message_id":224,"metric":{"epoch":null,"metricName":"sys.disk.read_bps","metricValue":1709805.7122640996,"step":null}},"type":"metric_msg"}
{"payload":{"local_timestamp":1710491453970,"message_id":225,"metric":{"epoch":null,"metricName":"sys.disk.write_bps","metricValue":22675301.675651602,"step":null}},"type":"metric_msg"}
{"payload":{"local_timestamp":1710491484140,"message_id":226,"metric":{"epoch":null,"metricName":"sys.gpu.0.gpu_utilization","metricValue":14,"step":null}},"type":"metric_msg"}
{"payload":{"local_timestamp":1710491484140,"message_id":227,"metric":{"epoch":null,"metricName":"sys.gpu.0.power_usage","metricValue":6619,"step":null}},"type":"metric_msg"}
{"payload":{"local_timestamp":1710491484140,"message_id":228,"metric":{"epoch":null,"metricName":"sys.gpu.0.temperature","metricValue":62,"step":null}},"type":"metric_msg"}
{"payload":{"local_timestamp":1710491484140,"message_id":229,"metric":{"epoch":null,"metricName":"sys.gpu.0.memory_utilization","metricValue":11,"step":null}},"type":"metric_msg"}
{"payload":{"local_timestamp":1710491484140,"message_id":230,"metric":{"epoch":null,"metricName":"sys.gpu.0.free_memory","metricValue":5683109888,"step":null}},"type":"metric_msg"}
{"payload":{"local_timestamp":1710491484140,"message_id":231,"metric":{"epoch":null,"metricName":"sys.gpu.0.used_memory","metricValue":759341056,"step":null}},"type":"metric_msg"}
{"payload":{"local_timestamp":1710491484140,"message_id":232,"metric":{"epoch":null,"metricName":"sys.gpu.0.percent.used_memory","metricValue":11.786524454752605,"step":null}},"type":"metric_msg"}
{"payload":{"local_timestamp":1710491484248,"message_id":233,"metric":{"epoch":null,"metricName":"sys.cpu.percent.avg","metricValue":17.01875,"step":null}},"type":"metric_msg"}
{"payload":{"local_timestamp":1710491484248,"message_id":234,"metric":{"epoch":null,"metricName":"sys.ram.total","metricValue":17040195584,"step":null}},"type":"metric_msg"}
{"payload":{"local_timestamp":1710491484248,"message_id":235,"metric":{"epoch":null,"metricName":"sys.ram.used","metricValue":16591314944,"step":null}},"type":"metric_msg"}
{"payload":{"local_timestamp":1710491484248,"message_id":236,"metric":{"epoch":null,"metricName":"sys.ram.available","metricValue":448880640,"step":null}},"type":"metric_msg"}
{"payload":{"local_timestamp":1710491484248,"message_id":237,"metric":{"epoch":null,"metricName":"sys.ram.percent.used","metricValue":97.4,"step":null}},"type":"metric_msg"}
{"payload":{"local_timestamp":1710491484248,"message_id":238,"metric":{"epoch":null,"metricName":"sys.load.avg","metricValue":0.0,"step":null}},"type":"metric_msg"}
{"payload":{"local_timestamp":1710491484369,"message_id":239,"metric":{"epoch":null,"metricName":"sys.network.send_bps","metricValue":852,"step":null}},"type":"metric_msg"}
{"payload":{"local_timestamp":1710491484369,"message_id":240,"metric":{"epoch":null,"metricName":"sys.network.receive_bps","metricValue":1101,"step":null}},"type":"metric_msg"}
{"payload":{"local_timestamp":1710491484485,"message_id":241,"metric":{"epoch":null,"metricName":"sys.disk.read_bps","metricValue":884613.6365912264,"step":null}},"type":"metric_msg"}
{"payload":{"local_timestamp":1710491484485,"message_id":242,"metric":{"epoch":null,"metricName":"sys.disk.write_bps","metricValue":108726.83822903433,"step":null}},"type":"metric_msg"}
{"payload":{"local_timestamp":1710491514673,"message_id":243,"metric":{"epoch":null,"metricName":"sys.gpu.0.gpu_utilization","metricValue":11,"step":null}},"type":"metric_msg"}
{"payload":{"local_timestamp":1710491514673,"message_id":244,"metric":{"epoch":null,"metricName":"sys.gpu.0.power_usage","metricValue":6819,"step":null}},"type":"metric_msg"}
{"payload":{"local_timestamp":1710491514673,"message_id":245,"metric":{"epoch":null,"metricName":"sys.gpu.0.temperature","metricValue":61,"step":null}},"type":"metric_msg"}
{"payload":{"local_timestamp":1710491514673,"message_id":246,"metric":{"epoch":null,"metricName":"sys.gpu.0.memory_utilization","metricValue":11,"step":null}},"type":"metric_msg"}
{"payload":{"local_timestamp":1710491514673,"message_id":247,"metric":{"epoch":null,"metricName":"sys.gpu.0.free_memory","metricValue":5683109888,"step":null}},"type":"metric_msg"}
{"payload":{"local_timestamp":1710491514673,"message_id":248,"metric":{"epoch":null,"metricName":"sys.gpu.0.used_memory","metricValue":759341056,"step":null}},"type":"metric_msg"}
{"payload":{"local_timestamp":1710491514673,"message_id":249,"metric":{"epoch":null,"metricName":"sys.gpu.0.percent.used_memory","metricValue":11.786524454752605,"step":null}},"type":"metric_msg"}
{"payload":{"local_timestamp":1710491514786,"message_id":250,"metric":{"epoch":null,"metricName":"sys.cpu.percent.avg","metricValue":19.087500000000002,"step":null}},"type":"metric_msg"}
{"payload":{"local_timestamp":1710491514786,"message_id":251,"metric":{"epoch":null,"metricName":"sys.ram.total","metricValue":17040195584,"step":null}},"type":"metric_msg"}
{"payload":{"local_timestamp":1710491514786,"message_id":252,"metric":{"epoch":null,"metricName":"sys.ram.used","metricValue":16763645952,"step":null}},"type":"metric_msg"}
{"payload":{"local_timestamp":1710491514786,"message_id":253,"metric":{"epoch":null,"metricName":"sys.ram.available","metricValue":276549632,"step":null}},"type":"metric_msg"}
{"payload":{"local_timestamp":1710491514786,"message_id":254,"metric":{"epoch":null,"metricName":"sys.ram.percent.used","metricValue":98.4,"step":null}},"type":"metric_msg"}
{"payload":{"local_timestamp":1710491514786,"message_id":255,"metric":{"epoch":null,"metricName":"sys.load.avg","metricValue":0.07,"step":null}},"type":"metric_msg"}
{"payload":{"local_timestamp":1710491514902,"message_id":256,"metric":{"epoch":null,"metricName":"sys.network.send_bps","metricValue":3528,"step":null}},"type":"metric_msg"}
{"payload":{"local_timestamp":1710491514902,"message_id":257,"metric":{"epoch":null,"metricName":"sys.network.receive_bps","metricValue":18123,"step":null}},"type":"metric_msg"}
{"payload":{"local_timestamp":1710491515003,"message_id":258,"metric":{"epoch":null,"metricName":"sys.disk.read_bps","metricValue":12137407.210077006,"step":null}},"type":"metric_msg"}
{"payload":{"local_timestamp":1710491515003,"message_id":259,"metric":{"epoch":null,"metricName":"sys.disk.write_bps","metricValue":2273987.6136303265,"step":null}},"type":"metric_msg"}
{"payload":{"local_timestamp":1710491545198,"message_id":260,"metric":{"epoch":null,"metricName":"sys.gpu.0.gpu_utilization","metricValue":14,"step":null}},"type":"metric_msg"}
{"payload":{"local_timestamp":1710491545198,"message_id":261,"metric":{"epoch":null,"metricName":"sys.gpu.0.power_usage","metricValue":6610,"step":null}},"type":"metric_msg"}
{"payload":{"local_timestamp":1710491545198,"message_id":262,"metric":{"epoch":null,"metricName":"sys.gpu.0.temperature","metricValue":61,"step":null}},"type":"metric_msg"}
{"payload":{"local_timestamp":1710491545198,"message_id":263,"metric":{"epoch":null,"metricName":"sys.gpu.0.memory_utilization","metricValue":11,"step":null}},"type":"metric_msg"}
{"payload":{"local_timestamp":1710491545198,"message_id":264,"metric":{"epoch":null,"metricName":"sys.gpu.0.free_memory","metricValue":5683109888,"step":null}},"type":"metric_msg"}
{"payload":{"local_timestamp":1710491545198,"message_id":265,"metric":{"epoch":null,"metricName":"sys.gpu.0.used_memory","metricValue":759341056,"step":null}},"type":"metric_msg"}
{"payload":{"local_timestamp":1710491545198,"message_id":266,"metric":{"epoch":null,"metricName":"sys.gpu.0.percent.used_memory","metricValue":11.786524454752605,"step":null}},"type":"metric_msg"}
{"payload":{"local_timestamp":1710491545310,"message_id":267,"metric":{"epoch":null,"metricName":"sys.cpu.percent.avg","metricValue":19.18125,"step":null}},"type":"metric_msg"}
{"payload":{"local_timestamp":1710491545310,"message_id":268,"metric":{"epoch":null,"metricName":"sys.ram.total","metricValue":17040195584,"step":null}},"type":"metric_msg"}
{"payload":{"local_timestamp":1710491545310,"message_id":269,"metric":{"epoch":null,"metricName":"sys.ram.used","metricValue":16680878080,"step":null}},"type":"metric_msg"}
{"payload":{"local_timestamp":1710491545310,"message_id":270,"metric":{"epoch":null,"metricName":"sys.ram.available","metricValue":359317504,"step":null}},"type":"metric_msg"}
{"payload":{"local_timestamp":1710491545310,"message_id":271,"metric":{"epoch":null,"metricName":"sys.ram.percent.used","metricValue":97.9,"step":null}},"type":"metric_msg"}
{"payload":{"local_timestamp":1710491545310,"message_id":272,"metric":{"epoch":null,"metricName":"sys.load.avg","metricValue":0.09,"step":null}},"type":"metric_msg"}
{"payload":{"local_timestamp":1710491545428,"message_id":273,"metric":{"epoch":null,"metricName":"sys.network.send_bps","metricValue":3470,"step":null}},"type":"metric_msg"}
{"payload":{"local_timestamp":1710491545428,"message_id":274,"metric":{"epoch":null,"metricName":"sys.network.receive_bps","metricValue":29796,"step":null}},"type":"metric_msg"}
{"payload":{"local_timestamp":1710491545543,"message_id":275,"metric":{"epoch":null,"metricName":"sys.disk.read_bps","metricValue":12203091.834644195,"step":null}},"type":"metric_msg"}
{"payload":{"local_timestamp":1710491545543,"message_id":276,"metric":{"epoch":null,"metricName":"sys.disk.write_bps","metricValue":6319954.941428822,"step":null}},"type":"metric_msg"}
{"payload":{"local_timestamp":1710491575654,"message_id":277,"metric":{"epoch":null,"metricName":"sys.gpu.0.gpu_utilization","metricValue":18,"step":null}},"type":"metric_msg"}
{"payload":{"local_timestamp":1710491575654,"message_id":278,"metric":{"epoch":null,"metricName":"sys.gpu.0.power_usage","metricValue":6876,"step":null}},"type":"metric_msg"}
{"payload":{"local_timestamp":1710491575654,"message_id":279,"metric":{"epoch":null,"metricName":"sys.gpu.0.temperature","metricValue":62,"step":null}},"type":"metric_msg"}
{"payload":{"local_timestamp":1710491575654,"message_id":280,"metric":{"epoch":null,"metricName":"sys.gpu.0.memory_utilization","metricValue":11,"step":null}},"type":"metric_msg"}
{"payload":{"local_timestamp":1710491575654,"message_id":281,"metric":{"epoch":null,"metricName":"sys.gpu.0.free_memory","metricValue":5682913280,"step":null}},"type":"metric_msg"}
{"payload":{"local_timestamp":1710491575654,"message_id":282,"metric":{"epoch":null,"metricName":"sys.gpu.0.used_memory","metricValue":759537664,"step":null}},"type":"metric_msg"}
{"payload":{"local_timestamp":1710491575654,"message_id":283,"metric":{"epoch":null,"metricName":"sys.gpu.0.percent.used_memory","metricValue":11.789576212565105,"step":null}},"type":"metric_msg"}
{"payload":{"local_timestamp":1710491575765,"message_id":284,"metric":{"epoch":null,"metricName":"sys.cpu.percent.avg","metricValue":28.387499999999996,"step":null}},"type":"metric_msg"}
{"payload":{"local_timestamp":1710491575765,"message_id":285,"metric":{"epoch":null,"metricName":"sys.ram.total","metricValue":17040195584,"step":null}},"type":"metric_msg"}
{"payload":{"local_timestamp":1710491575765,"message_id":286,"metric":{"epoch":null,"metricName":"sys.ram.used","metricValue":16597475328,"step":null}},"type":"metric_msg"}
{"payload":{"local_timestamp":1710491575765,"message_id":287,"metric":{"epoch":null,"metricName":"sys.ram.available","metricValue":442720256,"step":null}},"type":"metric_msg"}
{"payload":{"local_timestamp":1710491575765,"message_id":288,"metric":{"epoch":null,"metricName":"sys.ram.percent.used","metricValue":97.4,"step":null}},"type":"metric_msg"}
{"payload":{"local_timestamp":1710491575765,"message_id":289,"metric":{"epoch":null,"metricName":"sys.load.avg","metricValue":0.13,"step":null}},"type":"metric_msg"}
{"payload":{"local_timestamp":1710491575879,"message_id":290,"metric":{"epoch":null,"metricName":"sys.network.send_bps","metricValue":22906,"step":null}},"type":"metric_msg"}
{"payload":{"local_timestamp":1710491575879,"message_id":291,"metric":{"epoch":null,"metricName":"sys.network.receive_bps","metricValue":153006,"step":null}},"type":"metric_msg"}
{"payload":{"local_timestamp":1710491575990,"message_id":292,"metric":{"epoch":null,"metricName":"sys.disk.read_bps","metricValue":20294694.868034765,"step":null}},"type":"metric_msg"}
{"payload":{"local_timestamp":1710491575990,"message_id":293,"metric":{"epoch":null,"metricName":"sys.disk.write_bps","metricValue":18459041.822605424,"step":null}},"type":"metric_msg"}
{"payload":{"local_timestamp":1710491582941,"message_id":294,"stderr":true,"stdout":"\n\u001b[34m\u001b[1mAutoAnchor: \u001b[0m2.75 anchors/target, 1.000 Best Possible Recall (BPR). Current anchors are a good fit to dataset \n"},"type":"ws_msg"}
{"payload":{"local_timestamp":1710491583202,"message_id":295,"stderr":true,"stdout":"Plotting labels to runs\\train\\calling_smoking\\labels.jpg... \n"},"type":"ws_msg"}
{"payload":{"additional_params":{"assetId":"0b8fe8ee7d524fdcb44f55458ceaa8b2","context":null,"extension":"jpg","fileName":"labels.jpg","overwrite":false,"runId":null,"step":null},"clean":true,"file_path":"tmp_s70gq4q","local_timestamp":1710491589972,"message_id":296,"metadata":{},"upload_type":"asset"},"type":"file_upload"}
{"payload":{"additional_params":{"assetId":"5bc26891ff944035b38ab2f0b0a2f04b","context":null,"extension":"jpg","fileName":"labels_correlogram.jpg","overwrite":false,"runId":null,"step":null},"clean":true,"file_path":"tmpsvfh76_v","local_timestamp":1710491589974,"message_id":297,"metadata":{},"upload_type":"asset"},"type":"file_upload"}
{"payload":{"local_timestamp":1710491589988,"message_id":298,"param":{"paramName":"cls","paramValue":0.01875,"source":"manual","step":null}},"type":"parameter_msg"}
{"payload":{"local_timestamp":1710491589988,"message_id":299,"param":{"paramName":"weight_decay","paramValue":0.00046875,"source":"manual","step":null}},"type":"parameter_msg"}
{"payload":{"local_timestamp":1710491589988,"message_id":300,"stderr":true,"stdout":"Image sizes 640 train, 640 val\nUsing 8 dataloader workers\nLogging results to \u001b[1mruns\\train\\calling_smoking\u001b[0m\nStarting training for 50 epochs...\n"},"type":"ws_msg"}
{"payload":{"local_timestamp":1710491589991,"message_id":301,"stderr":true,"stdout":"\n      Epoch    GPU_mem   box_loss   obj_loss   cls_loss  Instances       Size\n"},"type":"ws_msg"}
{"payload":{"local_timestamp":1710491589992,"message_id":302,"stderr":true,"stdout":"\r  0%|          | 0/179 [00:00<?, ?it/s]"},"type":"ws_msg"}
{"payload":{"local_timestamp":1710491592287,"message_id":303,"stderr":true,"stdout":"\r  0%|          | 0/179 [00:02<?, ?it/s]"},"type":"ws_msg"}
{"payload":{"local_timestamp":1710491592287,"message_id":304,"stderr":true,"stdout":"\n"},"type":"ws_msg"}
{"payload":{"local_timestamp":1710491592287,"message_id":305,"stderr":true,"stdout":"Traceback (most recent call last):\n"},"type":"ws_msg"}
{"payload":{"local_timestamp":1710491592287,"message_id":306,"stderr":true,"stdout":"  File \"train.py\", line 836, in <module>\n"},"type":"ws_msg"}
{"payload":{"local_timestamp":1710491592289,"message_id":307,"stderr":true,"stdout":"    "},"type":"ws_msg"}
{"payload":{"local_timestamp":1710491592289,"message_id":308,"stderr":true,"stdout":"main(opt)"},"type":"ws_msg"}
{"payload":{"local_timestamp":1710491592289,"message_id":309,"stderr":true,"stdout":"\n"},"type":"ws_msg"}
{"payload":{"local_timestamp":1710491592290,"message_id":310,"stderr":true,"stdout":"  File \"train.py\", line 616, in main\n"},"type":"ws_msg"}
{"payload":{"local_timestamp":1710491592290,"message_id":311,"stderr":true,"stdout":"    "},"type":"ws_msg"}
{"payload":{"local_timestamp":1710491592290,"message_id":312,"stderr":true,"stdout":"train(opt.hyp, opt, device, callbacks)"},"type":"ws_msg"}
{"payload":{"local_timestamp":1710491592290,"message_id":313,"stderr":true,"stdout":"\n"},"type":"ws_msg"}
{"payload":{"local_timestamp":1710491592290,"message_id":314,"stderr":true,"stdout":"  File \"train.py\", line 376, in train\n"},"type":"ws_msg"}
{"payload":{"local_timestamp":1710491592291,"message_id":315,"stderr":true,"stdout":"    "},"type":"ws_msg"}
{"payload":{"local_timestamp":1710491592291,"message_id":316,"stderr":true,"stdout":"pred = model(imgs)  # forward"},"type":"ws_msg"}
{"payload":{"local_timestamp":1710491592291,"message_id":317,"stderr":true,"stdout":"\n"},"type":"ws_msg"}
{"payload":{"local_timestamp":1710491592291,"message_id":318,"stderr":true,"stdout":"  File \"C:\\Users\\PC\\anaconda3\\envs\\mask\\lib\\site-packages\\torch\\nn\\modules\\module.py\", line 1194, in _call_impl\n"},"type":"ws_msg"}
{"payload":{"local_timestamp":1710491592292,"message_id":319,"stderr":true,"stdout":"    "},"type":"ws_msg"}
{"payload":{"local_timestamp":1710491592292,"message_id":320,"stderr":true,"stdout":"return forward_call(*input, **kwargs)"},"type":"ws_msg"}
{"payload":{"local_timestamp":1710491592292,"message_id":321,"stderr":true,"stdout":"\n"},"type":"ws_msg"}
{"payload":{"local_timestamp":1710491592293,"message_id":322,"stderr":true,"stdout":"  File \"C:\\Users\\PC\\Desktop\\graduation_project\\graduation_project\\yolov5\\models\\yolo.py\", line 244, in forward\n"},"type":"ws_msg"}
{"payload":{"local_timestamp":1710491592293,"message_id":323,"stderr":true,"stdout":"    "},"type":"ws_msg"}
{"payload":{"local_timestamp":1710491592293,"message_id":324,"stderr":true,"stdout":"return self._forward_once(x, profile, visualize)  # single-scale inference, train"},"type":"ws_msg"}
{"payload":{"local_timestamp":1710491592293,"message_id":325,"stderr":true,"stdout":"\n"},"type":"ws_msg"}
{"payload":{"local_timestamp":1710491592293,"message_id":326,"stderr":true,"stdout":"  File \"C:\\Users\\PC\\Desktop\\graduation_project\\graduation_project\\yolov5\\models\\yolo.py\", line 155, in _forward_once\n"},"type":"ws_msg"}
{"payload":{"local_timestamp":1710491592294,"message_id":327,"stderr":true,"stdout":"    "},"type":"ws_msg"}
{"payload":{"local_timestamp":1710491592294,"message_id":328,"stderr":true,"stdout":"x = m(x)  # run"},"type":"ws_msg"}
{"payload":{"local_timestamp":1710491592294,"message_id":329,"stderr":true,"stdout":"\n"},"type":"ws_msg"}
{"payload":{"local_timestamp":1710491592294,"message_id":330,"stderr":true,"stdout":"  File \"C:\\Users\\PC\\anaconda3\\envs\\mask\\lib\\site-packages\\torch\\nn\\modules\\module.py\", line 1194, in _call_impl\n"},"type":"ws_msg"}
{"payload":{"local_timestamp":1710491592294,"message_id":331,"stderr":true,"stdout":"    "},"type":"ws_msg"}
{"payload":{"local_timestamp":1710491592294,"message_id":332,"stderr":true,"stdout":"return forward_call(*input, **kwargs)"},"type":"ws_msg"}
{"payload":{"local_timestamp":1710491592294,"message_id":333,"stderr":true,"stdout":"\n"},"type":"ws_msg"}
{"payload":{"local_timestamp":1710491592294,"message_id":334,"stderr":true,"stdout":"  File \"C:\\Users\\PC\\Desktop\\graduation_project\\graduation_project\\yolov5\\models\\common.py\", line 191, in forward\n"},"type":"ws_msg"}
{"payload":{"local_timestamp":1710491592295,"message_id":335,"stderr":true,"stdout":"    "},"type":"ws_msg"}
{"payload":{"local_timestamp":1710491592295,"message_id":336,"stderr":true,"stdout":"return self.cv3(torch.cat((self.m(self.cv1(x)), self.cv2(x)), 1))"},"type":"ws_msg"}
{"payload":{"local_timestamp":1710491592295,"message_id":337,"stderr":true,"stdout":"\n"},"type":"ws_msg"}
{"payload":{"local_timestamp":1710491592295,"message_id":338,"stderr":true,"stdout":"  File \"C:\\Users\\PC\\anaconda3\\envs\\mask\\lib\\site-packages\\torch\\nn\\modules\\module.py\", line 1194, in _call_impl\n"},"type":"ws_msg"}
{"payload":{"local_timestamp":1710491592296,"message_id":339,"stderr":true,"stdout":"    "},"type":"ws_msg"}
{"payload":{"local_timestamp":1710491592296,"message_id":340,"stderr":true,"stdout":"return forward_call(*input, **kwargs)"},"type":"ws_msg"}
{"payload":{"local_timestamp":1710491592296,"message_id":341,"stderr":true,"stdout":"\n"},"type":"ws_msg"}
{"payload":{"local_timestamp":1710491592296,"message_id":342,"stderr":true,"stdout":"  File \"C:\\Users\\PC\\Desktop\\graduation_project\\graduation_project\\yolov5\\models\\common.py\", line 80, in forward\n"},"type":"ws_msg"}
{"payload":{"local_timestamp":1710491592296,"message_id":343,"stderr":true,"stdout":"    "},"type":"ws_msg"}
{"payload":{"local_timestamp":1710491592296,"message_id":344,"stderr":true,"stdout":"return self.act(self.bn(self.conv(x)))"},"type":"ws_msg"}
{"payload":{"local_timestamp":1710491592296,"message_id":345,"stderr":true,"stdout":"\n"},"type":"ws_msg"}
{"payload":{"local_timestamp":1710491592296,"message_id":346,"stderr":true,"stdout":"  File \"C:\\Users\\PC\\anaconda3\\envs\\mask\\lib\\site-packages\\torch\\nn\\modules\\module.py\", line 1194, in _call_impl\n"},"type":"ws_msg"}
{"payload":{"local_timestamp":1710491592297,"message_id":347,"stderr":true,"stdout":"    "},"type":"ws_msg"}
{"payload":{"local_timestamp":1710491592297,"message_id":348,"stderr":true,"stdout":"return forward_call(*input, **kwargs)"},"type":"ws_msg"}
{"payload":{"local_timestamp":1710491592297,"message_id":349,"stderr":true,"stdout":"\n"},"type":"ws_msg"}
{"payload":{"local_timestamp":1710491592297,"message_id":350,"stderr":true,"stdout":"  File \"C:\\Users\\PC\\anaconda3\\envs\\mask\\lib\\site-packages\\torch\\nn\\modules\\conv.py\", line 463, in forward\n"},"type":"ws_msg"}
{"payload":{"local_timestamp":1710491592298,"message_id":351,"stderr":true,"stdout":"    "},"type":"ws_msg"}
{"payload":{"local_timestamp":1710491592298,"message_id":352,"stderr":true,"stdout":"return self._conv_forward(input, self.weight, self.bias)"},"type":"ws_msg"}
{"payload":{"local_timestamp":1710491592298,"message_id":353,"stderr":true,"stdout":"\n"},"type":"ws_msg"}
{"payload":{"local_timestamp":1710491592298,"message_id":354,"stderr":true,"stdout":"  File \"C:\\Users\\PC\\anaconda3\\envs\\mask\\lib\\site-packages\\torch\\nn\\modules\\conv.py\", line 459, in _conv_forward\n"},"type":"ws_msg"}
{"payload":{"local_timestamp":1710491592298,"message_id":355,"stderr":true,"stdout":"    "},"type":"ws_msg"}
{"payload":{"local_timestamp":1710491592298,"message_id":356,"stderr":true,"stdout":"return F.conv2d(input, weight, bias, self.stride,"},"type":"ws_msg"}
{"payload":{"local_timestamp":1710491592298,"message_id":357,"stderr":true,"stdout":"\n"},"type":"ws_msg"}
{"payload":{"local_timestamp":1710491592298,"message_id":358,"stderr":true,"stdout":"RuntimeError"},"type":"ws_msg"}
{"payload":{"local_timestamp":1710491592298,"message_id":359,"stderr":true,"stdout":": "},"type":"ws_msg"}
{"payload":{"local_timestamp":1710491592298,"message_id":360,"stderr":true,"stdout":"Unable to find a valid cuDNN algorithm to run convolution"},"type":"ws_msg"}
{"payload":{"local_timestamp":1710491592298,"message_id":361,"stderr":true,"stdout":"\n"},"type":"ws_msg"}
{"payload":{"local_timestamp":1710491592314,"message_id":362,"stderr":true,"stdout":"\u001b[1;38;5;39mCOMET INFO:\u001b[0m ---------------------------------------------------------------------------------------\n"},"type":"ws_msg"}
{"payload":{"local_timestamp":1710491592314,"message_id":363,"stderr":true,"stdout":"\u001b[1;38;5;39mCOMET INFO:\u001b[0m Comet.ml OfflineExperiment Summary\n"},"type":"ws_msg"}
{"payload":{"local_timestamp":1710491592315,"message_id":364,"stderr":true,"stdout":"\u001b[1;38;5;39mCOMET INFO:\u001b[0m ---------------------------------------------------------------------------------------\n"},"type":"ws_msg"}
{"payload":{"local_timestamp":1710491592315,"message_id":365,"stderr":true,"stdout":"\u001b[1;38;5;39mCOMET INFO:\u001b[0m   Data:\n"},"type":"ws_msg"}
{"payload":{"local_timestamp":1710491592315,"message_id":366,"stderr":true,"stdout":"\u001b[1;38;5;39mCOMET INFO:\u001b[0m     display_summary_level : 1\n"},"type":"ws_msg"}
{"payload":{"local_timestamp":1710491592315,"message_id":367,"stderr":true,"stdout":"\u001b[1;38;5;39mCOMET INFO:\u001b[0m     url                   : [OfflineExperiment will get URL after upload]\n"},"type":"ws_msg"}
{"payload":{"local_timestamp":1710491592316,"message_id":368,"stderr":true,"stdout":"\u001b[1;38;5;39mCOMET INFO:\u001b[0m   Others:\n"},"type":"ws_msg"}
{"payload":{"local_timestamp":1710491592316,"message_id":369,"stderr":true,"stdout":"\u001b[1;38;5;39mCOMET INFO:\u001b[0m     Created from                : YOLOv5\n"},"type":"ws_msg"}
{"payload":{"local_timestamp":1710491592316,"message_id":370,"stderr":true,"stdout":"\u001b[1;38;5;39mCOMET INFO:\u001b[0m     Name                        : calling_smoking\n"},"type":"ws_msg"}
{"payload":{"local_timestamp":1710491592316,"message_id":371,"stderr":true,"stdout":"\u001b[1;38;5;39mCOMET INFO:\u001b[0m     comet_log_batch_metrics     : False\n"},"type":"ws_msg"}
{"payload":{"local_timestamp":1710491592316,"message_id":372,"stderr":true,"stdout":"\u001b[1;38;5;39mCOMET INFO:\u001b[0m     comet_log_confusion_matrix  : True\n"},"type":"ws_msg"}
{"payload":{"local_timestamp":1710491592317,"message_id":373,"stderr":true,"stdout":"\u001b[1;38;5;39mCOMET INFO:\u001b[0m     comet_log_per_class_metrics : False\n"},"type":"ws_msg"}
{"payload":{"local_timestamp":1710491592317,"message_id":374,"stderr":true,"stdout":"\u001b[1;38;5;39mCOMET INFO:\u001b[0m     comet_max_image_uploads     : 100\n"},"type":"ws_msg"}
{"payload":{"local_timestamp":1710491592317,"message_id":375,"stderr":true,"stdout":"\u001b[1;38;5;39mCOMET INFO:\u001b[0m     comet_mode                  : online\n"},"type":"ws_msg"}
{"payload":{"local_timestamp":1710491592317,"message_id":376,"stderr":true,"stdout":"\u001b[1;38;5;39mCOMET INFO:\u001b[0m     comet_model_name            : yolov5\n"},"type":"ws_msg"}
{"payload":{"local_timestamp":1710491592318,"message_id":377,"stderr":true,"stdout":"\u001b[1;38;5;39mCOMET INFO:\u001b[0m     hasNestedParams             : True\n"},"type":"ws_msg"}
{"payload":{"local_timestamp":1710491592318,"message_id":378,"stderr":true,"stdout":"\u001b[1;38;5;39mCOMET INFO:\u001b[0m     offline_experiment          : True\n"},"type":"ws_msg"}
{"payload":{"local_timestamp":1710491592318,"message_id":379,"stderr":true,"stdout":"\u001b[1;38;5;39mCOMET INFO:\u001b[0m   Parameters:\n"},"type":"ws_msg"}
{"payload":{"local_timestamp":1710491592318,"message_id":380,"stderr":true,"stdout":"\u001b[1;38;5;39mCOMET INFO:\u001b[0m     anchor_t            : 4.0\n"},"type":"ws_msg"}
{"payload":{"local_timestamp":1710491592318,"message_id":381,"stderr":true,"stdout":"\u001b[1;38;5;39mCOMET INFO:\u001b[0m     artifact_alias      : latest\n"},"type":"ws_msg"}
{"payload":{"local_timestamp":1710491592319,"message_id":382,"stderr":true,"stdout":"\u001b[1;38;5;39mCOMET INFO:\u001b[0m     batch_size          : 30\n"},"type":"ws_msg"}
{"payload":{"local_timestamp":1710491592319,"message_id":383,"stderr":true,"stdout":"\u001b[1;38;5;39mCOMET INFO:\u001b[0m     bbox_interval       : -1\n"},"type":"ws_msg"}
{"payload":{"local_timestamp":1710491592319,"message_id":384,"stderr":true,"stdout":"\u001b[1;38;5;39mCOMET INFO:\u001b[0m     box                 : 0.05\n"},"type":"ws_msg"}
{"payload":{"local_timestamp":1710491592319,"message_id":385,"stderr":true,"stdout":"\u001b[1;38;5;39mCOMET INFO:\u001b[0m     bucket              : \n"},"type":"ws_msg"}
{"payload":{"local_timestamp":1710491592319,"message_id":386,"stderr":true,"stdout":"\u001b[1;38;5;39mCOMET INFO:\u001b[0m     cache               : None\n"},"type":"ws_msg"}
{"payload":{"local_timestamp":1710491592320,"message_id":387,"stderr":true,"stdout":"\u001b[1;38;5;39mCOMET INFO:\u001b[0m     cfg                 : \n"},"type":"ws_msg"}
{"payload":{"local_timestamp":1710491592320,"message_id":388,"stderr":true,"stdout":"\u001b[1;38;5;39mCOMET INFO:\u001b[0m     cls                 : 0.01875\n"},"type":"ws_msg"}
{"payload":{"local_timestamp":1710491592320,"message_id":389,"stderr":true,"stdout":"\u001b[1;38;5;39mCOMET INFO:\u001b[0m     cls_pw              : 1.0\n"},"type":"ws_msg"}
{"payload":{"local_timestamp":1710491592320,"message_id":390,"stderr":true,"stdout":"\u001b[1;38;5;39mCOMET INFO:\u001b[0m     copy_paste          : 0.0\n"},"type":"ws_msg"}
{"payload":{"local_timestamp":1710491592320,"message_id":391,"stderr":true,"stdout":"\u001b[1;38;5;39mCOMET INFO:\u001b[0m     cos_lr              : False\n"},"type":"ws_msg"}
{"payload":{"local_timestamp":1710491592321,"message_id":392,"stderr":true,"stdout":"\u001b[1;38;5;39mCOMET INFO:\u001b[0m     degrees             : 0.0\n"},"type":"ws_msg"}
{"payload":{"local_timestamp":1710491592321,"message_id":393,"stderr":true,"stdout":"\u001b[1;38;5;39mCOMET INFO:\u001b[0m     entity              : None\n"},"type":"ws_msg"}
{"payload":{"local_timestamp":1710491592322,"message_id":394,"stderr":true,"stdout":"\u001b[1;38;5;39mCOMET INFO:\u001b[0m     evolve              : None\n"},"type":"ws_msg"}
{"payload":{"local_timestamp":1710491592322,"message_id":395,"stderr":true,"stdout":"\u001b[1;38;5;39mCOMET INFO:\u001b[0m     evolve_population   : data\\hyps\n"},"type":"ws_msg"}
{"payload":{"local_timestamp":1710491592322,"message_id":396,"stderr":true,"stdout":"\u001b[1;38;5;39mCOMET INFO:\u001b[0m     exist_ok            : False\n"},"type":"ws_msg"}
{"payload":{"local_timestamp":1710491592322,"message_id":397,"stderr":true,"stdout":"\u001b[1;38;5;39mCOMET INFO:\u001b[0m     fl_gamma            : 0.0\n"},"type":"ws_msg"}
{"payload":{"local_timestamp":1710491592323,"message_id":398,"stderr":true,"stdout":"\u001b[1;38;5;39mCOMET INFO:\u001b[0m     fliplr              : 0.5\n"},"type":"ws_msg"}
{"payload":{"local_timestamp":1710491592323,"message_id":399,"stderr":true,"stdout":"\u001b[1;38;5;39mCOMET INFO:\u001b[0m     flipud              : 0.0\n"},"type":"ws_msg"}
{"payload":{"local_timestamp":1710491592323,"message_id":400,"stderr":true,"stdout":"\u001b[1;38;5;39mCOMET INFO:\u001b[0m     freeze              : [0]\n"},"type":"ws_msg"}
{"payload":{"local_timestamp":1710491592323,"message_id":401,"stderr":true,"stdout":"\u001b[1;38;5;39mCOMET INFO:\u001b[0m     hsv_h               : 0.015\n"},"type":"ws_msg"}
{"payload":{"local_timestamp":1710491592323,"message_id":402,"stderr":true,"stdout":"\u001b[1;38;5;39mCOMET INFO:\u001b[0m     hsv_s               : 0.7\n"},"type":"ws_msg"}
{"payload":{"local_timestamp":1710491592324,"message_id":403,"stderr":true,"stdout":"\u001b[1;38;5;39mCOMET INFO:\u001b[0m     hsv_v               : 0.4\n"},"type":"ws_msg"}
{"payload":{"local_timestamp":1710491592324,"message_id":404,"stderr":true,"stdout":"\u001b[1;38;5;39mCOMET INFO:\u001b[0m     hyp|anchor_t        : 4.0\n"},"type":"ws_msg"}
{"payload":{"local_timestamp":1710491592324,"message_id":405,"stderr":true,"stdout":"\u001b[1;38;5;39mCOMET INFO:\u001b[0m     hyp|box             : 0.05\n"},"type":"ws_msg"}
{"payload":{"local_timestamp":1710491592324,"message_id":406,"stderr":true,"stdout":"\u001b[1;38;5;39mCOMET INFO:\u001b[0m     hyp|cls             : 0.5\n"},"type":"ws_msg"}
{"payload":{"local_timestamp":1710491592324,"message_id":407,"stderr":true,"stdout":"\u001b[1;38;5;39mCOMET INFO:\u001b[0m     hyp|cls_pw          : 1.0\n"},"type":"ws_msg"}
{"payload":{"local_timestamp":1710491592325,"message_id":408,"stderr":true,"stdout":"\u001b[1;38;5;39mCOMET INFO:\u001b[0m     hyp|copy_paste      : 0.0\n"},"type":"ws_msg"}
{"payload":{"local_timestamp":1710491592325,"message_id":409,"stderr":true,"stdout":"\u001b[1;38;5;39mCOMET INFO:\u001b[0m     hyp|degrees         : 0.0\n"},"type":"ws_msg"}
{"payload":{"local_timestamp":1710491592325,"message_id":410,"stderr":true,"stdout":"\u001b[1;38;5;39mCOMET INFO:\u001b[0m     hyp|fl_gamma        : 0.0\n"},"type":"ws_msg"}
{"payload":{"local_timestamp":1710491592325,"message_id":411,"stderr":true,"stdout":"\u001b[1;38;5;39mCOMET INFO:\u001b[0m     hyp|fliplr          : 0.5\n"},"type":"ws_msg"}
{"payload":{"local_timestamp":1710491592325,"message_id":412,"stderr":true,"stdout":"\u001b[1;38;5;39mCOMET INFO:\u001b[0m     hyp|flipud          : 0.0\n"},"type":"ws_msg"}
{"payload":{"local_timestamp":1710491592326,"message_id":413,"stderr":true,"stdout":"\u001b[1;38;5;39mCOMET INFO:\u001b[0m     hyp|hsv_h           : 0.015\n"},"type":"ws_msg"}
{"payload":{"local_timestamp":1710491592326,"message_id":414,"stderr":true,"stdout":"\u001b[1;38;5;39mCOMET INFO:\u001b[0m     hyp|hsv_s           : 0.7\n"},"type":"ws_msg"}
{"payload":{"local_timestamp":1710491592326,"message_id":415,"stderr":true,"stdout":"\u001b[1;38;5;39mCOMET INFO:\u001b[0m     hyp|hsv_v           : 0.4\n"},"type":"ws_msg"}
{"payload":{"local_timestamp":1710491592326,"message_id":416,"stderr":true,"stdout":"\u001b[1;38;5;39mCOMET INFO:\u001b[0m     hyp|iou_t           : 0.2\n"},"type":"ws_msg"}
{"payload":{"local_timestamp":1710491592337,"message_id":417,"stderr":true,"stdout":"\u001b[1;38;5;39mCOMET INFO:\u001b[0m     hyp|lr0             : 0.01\n"},"type":"ws_msg"}
{"payload":{"local_timestamp":1710491592337,"message_id":418,"stderr":true,"stdout":"\u001b[1;38;5;39mCOMET INFO:\u001b[0m     hyp|lrf             : 0.01\n"},"type":"ws_msg"}
{"payload":{"local_timestamp":1710491592337,"message_id":419,"stderr":true,"stdout":"\u001b[1;38;5;39mCOMET INFO:\u001b[0m     hyp|mixup           : 0.0\n"},"type":"ws_msg"}
{"payload":{"local_timestamp":1710491592338,"message_id":420,"stderr":true,"stdout":"\u001b[1;38;5;39mCOMET INFO:\u001b[0m     hyp|momentum        : 0.937\n"},"type":"ws_msg"}
{"payload":{"local_timestamp":1710491592338,"message_id":421,"stderr":true,"stdout":"\u001b[1;38;5;39mCOMET INFO:\u001b[0m     hyp|mosaic          : 1.0\n"},"type":"ws_msg"}
{"payload":{"local_timestamp":1710491592338,"message_id":422,"stderr":true,"stdout":"\u001b[1;38;5;39mCOMET INFO:\u001b[0m     hyp|obj             : 1.0\n"},"type":"ws_msg"}
{"payload":{"local_timestamp":1710491592338,"message_id":423,"stderr":true,"stdout":"\u001b[1;38;5;39mCOMET INFO:\u001b[0m     hyp|obj_pw          : 1.0\n"},"type":"ws_msg"}
{"payload":{"local_timestamp":1710491592339,"message_id":424,"stderr":true,"stdout":"\u001b[1;38;5;39mCOMET INFO:\u001b[0m     hyp|perspective     : 0.0\n"},"type":"ws_msg"}
{"payload":{"local_timestamp":1710491592339,"message_id":425,"stderr":true,"stdout":"\u001b[1;38;5;39mCOMET INFO:\u001b[0m     hyp|scale           : 0.5\n"},"type":"ws_msg"}
{"payload":{"local_timestamp":1710491592339,"message_id":426,"stderr":true,"stdout":"\u001b[1;38;5;39mCOMET INFO:\u001b[0m     hyp|shear           : 0.0\n"},"type":"ws_msg"}
{"payload":{"local_timestamp":1710491592339,"message_id":427,"stderr":true,"stdout":"\u001b[1;38;5;39mCOMET INFO:\u001b[0m     hyp|translate       : 0.1\n"},"type":"ws_msg"}
{"payload":{"local_timestamp":1710491592340,"message_id":428,"stderr":true,"stdout":"\u001b[1;38;5;39mCOMET INFO:\u001b[0m     hyp|warmup_bias_lr  : 0.1\n"},"type":"ws_msg"}
{"payload":{"local_timestamp":1710491592340,"message_id":429,"stderr":true,"stdout":"\u001b[1;38;5;39mCOMET INFO:\u001b[0m     hyp|warmup_epochs   : 3.0\n"},"type":"ws_msg"}
{"payload":{"local_timestamp":1710491592340,"message_id":430,"stderr":true,"stdout":"\u001b[1;38;5;39mCOMET INFO:\u001b[0m     hyp|warmup_momentum : 0.8\n"},"type":"ws_msg"}
{"payload":{"local_timestamp":1710491592340,"message_id":431,"stderr":true,"stdout":"\u001b[1;38;5;39mCOMET INFO:\u001b[0m     hyp|weight_decay    : 0.0005\n"},"type":"ws_msg"}
{"payload":{"local_timestamp":1710491592340,"message_id":432,"stderr":true,"stdout":"\u001b[1;38;5;39mCOMET INFO:\u001b[0m     image_weights       : False\n"},"type":"ws_msg"}
{"payload":{"local_timestamp":1710491592341,"message_id":433,"stderr":true,"stdout":"\u001b[1;38;5;39mCOMET INFO:\u001b[0m     imgsz               : 640\n"},"type":"ws_msg"}
{"payload":{"local_timestamp":1710491592341,"message_id":434,"stderr":true,"stdout":"\u001b[1;38;5;39mCOMET INFO:\u001b[0m     iou_t               : 0.2\n"},"type":"ws_msg"}
{"payload":{"local_timestamp":1710491592341,"message_id":435,"stderr":true,"stdout":"\u001b[1;38;5;39mCOMET INFO:\u001b[0m     label_smoothing     : 0.0\n"},"type":"ws_msg"}
{"payload":{"local_timestamp":1710491592341,"message_id":436,"stderr":true,"stdout":"\u001b[1;38;5;39mCOMET INFO:\u001b[0m     local_rank          : -1\n"},"type":"ws_msg"}
{"payload":{"local_timestamp":1710491592342,"message_id":437,"stderr":true,"stdout":"\u001b[1;38;5;39mCOMET INFO:\u001b[0m     lr0                 : 0.01\n"},"type":"ws_msg"}
{"payload":{"local_timestamp":1710491592342,"message_id":438,"stderr":true,"stdout":"\u001b[1;38;5;39mCOMET INFO:\u001b[0m     lrf                 : 0.01\n"},"type":"ws_msg"}
{"payload":{"local_timestamp":1710491592342,"message_id":439,"stderr":true,"stdout":"\u001b[1;38;5;39mCOMET INFO:\u001b[0m     mixup               : 0.0\n"},"type":"ws_msg"}
{"payload":{"local_timestamp":1710491592342,"message_id":440,"stderr":true,"stdout":"\u001b[1;38;5;39mCOMET INFO:\u001b[0m     momentum            : 0.937\n"},"type":"ws_msg"}
{"payload":{"local_timestamp":1710491592343,"message_id":441,"stderr":true,"stdout":"\u001b[1;38;5;39mCOMET INFO:\u001b[0m     mosaic              : 1.0\n"},"type":"ws_msg"}
{"payload":{"local_timestamp":1710491592343,"message_id":442,"stderr":true,"stdout":"\u001b[1;38;5;39mCOMET INFO:\u001b[0m     multi_scale         : False\n"},"type":"ws_msg"}
{"payload":{"local_timestamp":1710491592343,"message_id":443,"stderr":true,"stdout":"\u001b[1;38;5;39mCOMET INFO:\u001b[0m     ndjson_console      : False\n"},"type":"ws_msg"}
{"payload":{"local_timestamp":1710491592343,"message_id":444,"stderr":true,"stdout":"\u001b[1;38;5;39mCOMET INFO:\u001b[0m     ndjson_file         : False\n"},"type":"ws_msg"}
{"payload":{"local_timestamp":1710491592344,"message_id":445,"stderr":true,"stdout":"\u001b[1;38;5;39mCOMET INFO:\u001b[0m     noautoanchor        : False\n"},"type":"ws_msg"}
{"payload":{"local_timestamp":1710491592344,"message_id":446,"stderr":true,"stdout":"\u001b[1;38;5;39mCOMET INFO:\u001b[0m     noplots             : False\n"},"type":"ws_msg"}
{"payload":{"local_timestamp":1710491592344,"message_id":447,"stderr":true,"stdout":"\u001b[1;38;5;39mCOMET INFO:\u001b[0m     noval               : False\n"},"type":"ws_msg"}
{"payload":{"local_timestamp":1710491592344,"message_id":448,"stderr":true,"stdout":"\u001b[1;38;5;39mCOMET INFO:\u001b[0m     obj                 : 1.0\n"},"type":"ws_msg"}
{"payload":{"local_timestamp":1710491592344,"message_id":449,"stderr":true,"stdout":"\u001b[1;38;5;39mCOMET INFO:\u001b[0m     obj_pw              : 1.0\n"},"type":"ws_msg"}
{"payload":{"local_timestamp":1710491592345,"message_id":450,"stderr":true,"stdout":"\u001b[1;38;5;39mCOMET INFO:\u001b[0m     optimizer           : SGD\n"},"type":"ws_msg"}
{"payload":{"local_timestamp":1710491592345,"message_id":451,"stderr":true,"stdout":"\u001b[1;38;5;39mCOMET INFO:\u001b[0m     patience            : 100\n"},"type":"ws_msg"}
{"payload":{"local_timestamp":1710491592345,"message_id":452,"stderr":true,"stdout":"\u001b[1;38;5;39mCOMET INFO:\u001b[0m     perspective         : 0.0\n"},"type":"ws_msg"}
{"payload":{"local_timestamp":1710491592345,"message_id":453,"stderr":true,"stdout":"\u001b[1;38;5;39mCOMET INFO:\u001b[0m     project             : runs\\train\n"},"type":"ws_msg"}
{"payload":{"local_timestamp":1710491592346,"message_id":454,"stderr":true,"stdout":"\u001b[1;38;5;39mCOMET INFO:\u001b[0m     quad                : False\n"},"type":"ws_msg"}
{"payload":{"local_timestamp":1710491592346,"message_id":455,"stderr":true,"stdout":"\u001b[1;38;5;39mCOMET INFO:\u001b[0m     rect                : False\n"},"type":"ws_msg"}
{"payload":{"local_timestamp":1710491592346,"message_id":456,"stderr":true,"stdout":"\u001b[1;38;5;39mCOMET INFO:\u001b[0m     resume              : False\n"},"type":"ws_msg"}
{"payload":{"local_timestamp":1710491592346,"message_id":457,"stderr":true,"stdout":"\u001b[1;38;5;39mCOMET INFO:\u001b[0m     resume_evolve       : None\n"},"type":"ws_msg"}
{"payload":{"local_timestamp":1710491592347,"message_id":458,"stderr":true,"stdout":"\u001b[1;38;5;39mCOMET INFO:\u001b[0m     save_dir            : runs\\train\\calling_smoking\n"},"type":"ws_msg"}
{"payload":{"local_timestamp":1710491592347,"message_id":459,"stderr":true,"stdout":"\u001b[1;38;5;39mCOMET INFO:\u001b[0m     save_period         : -1\n"},"type":"ws_msg"}
{"payload":{"local_timestamp":1710491592347,"message_id":460,"stderr":true,"stdout":"\u001b[1;38;5;39mCOMET INFO:\u001b[0m     scale               : 0.5\n"},"type":"ws_msg"}
{"payload":{"local_timestamp":1710491592347,"message_id":461,"stderr":true,"stdout":"\u001b[1;38;5;39mCOMET INFO:\u001b[0m     seed                : 0\n"},"type":"ws_msg"}
{"payload":{"local_timestamp":1710491592347,"message_id":462,"stderr":true,"stdout":"\u001b[1;38;5;39mCOMET INFO:\u001b[0m     shear               : 0.0\n"},"type":"ws_msg"}
{"payload":{"local_timestamp":1710491592348,"message_id":463,"stderr":true,"stdout":"\u001b[1;38;5;39mCOMET INFO:\u001b[0m     single_cls          : False\n"},"type":"ws_msg"}
{"payload":{"local_timestamp":1710491592348,"message_id":464,"stderr":true,"stdout":"\u001b[1;38;5;39mCOMET INFO:\u001b[0m     sync_bn             : False\n"},"type":"ws_msg"}
{"payload":{"local_timestamp":1710491592348,"message_id":465,"stderr":true,"stdout":"\u001b[1;38;5;39mCOMET INFO:\u001b[0m     translate           : 0.1\n"},"type":"ws_msg"}
{"payload":{"local_timestamp":1710491592348,"message_id":466,"stderr":true,"stdout":"\u001b[1;38;5;39mCOMET INFO:\u001b[0m     upload_dataset      : False\n"},"type":"ws_msg"}
{"payload":{"local_timestamp":1710491592348,"message_id":467,"stderr":true,"stdout":"\u001b[1;38;5;39mCOMET INFO:\u001b[0m     val_conf_threshold  : 0.001\n"},"type":"ws_msg"}
{"payload":{"local_timestamp":1710491592349,"message_id":468,"stderr":true,"stdout":"\u001b[1;38;5;39mCOMET INFO:\u001b[0m     val_iou_threshold   : 0.6\n"},"type":"ws_msg"}
{"payload":{"local_timestamp":1710491592349,"message_id":469,"stderr":true,"stdout":"\u001b[1;38;5;39mCOMET INFO:\u001b[0m     warmup_bias_lr      : 0.1\n"},"type":"ws_msg"}
{"payload":{"local_timestamp":1710491592349,"message_id":470,"stderr":true,"stdout":"\u001b[1;38;5;39mCOMET INFO:\u001b[0m     warmup_epochs       : 3.0\n"},"type":"ws_msg"}
{"payload":{"local_timestamp":1710491592349,"message_id":471,"stderr":true,"stdout":"\u001b[1;38;5;39mCOMET INFO:\u001b[0m     warmup_momentum     : 0.8\n"},"type":"ws_msg"}
{"payload":{"local_timestamp":1710491592350,"message_id":472,"stderr":true,"stdout":"\u001b[1;38;5;39mCOMET INFO:\u001b[0m     weight_decay        : 0.00046875\n"},"type":"ws_msg"}
{"payload":{"local_timestamp":1710491592350,"message_id":473,"stderr":true,"stdout":"\u001b[1;38;5;39mCOMET INFO:\u001b[0m     workers             : 8\n"},"type":"ws_msg"}
{"payload":{"local_timestamp":1710491592350,"message_id":474,"stderr":true,"stdout":"\u001b[1;38;5;39mCOMET INFO:\u001b[0m   Uploads:\n"},"type":"ws_msg"}
{"payload":{"local_timestamp":1710491592350,"message_id":475,"stderr":true,"stdout":"\u001b[1;38;5;39mCOMET INFO:\u001b[0m     asset                        : 5 (387.09 KB)\n"},"type":"ws_msg"}
{"payload":{"local_timestamp":1710491592351,"message_id":476,"stderr":true,"stdout":"\u001b[1;38;5;39mCOMET INFO:\u001b[0m     conda-environment-definition : 1\n"},"type":"ws_msg"}
{"payload":{"local_timestamp":1710491592351,"message_id":477,"stderr":true,"stdout":"\u001b[1;38;5;39mCOMET INFO:\u001b[0m     conda-info                   : 1\n"},"type":"ws_msg"}
{"payload":{"local_timestamp":1710491592351,"message_id":478,"stderr":true,"stdout":"\u001b[1;38;5;39mCOMET INFO:\u001b[0m     conda-specification          : 1\n"},"type":"ws_msg"}
{"payload":{"local_timestamp":1710491592351,"message_id":479,"stderr":true,"stdout":"\u001b[1;38;5;39mCOMET INFO:\u001b[0m     environment details          : 1\n"},"type":"ws_msg"}
{"payload":{"local_timestamp":1710491592352,"message_id":480,"stderr":true,"stdout":"\u001b[1;38;5;39mCOMET INFO:\u001b[0m     git metadata                 : 1\n"},"type":"ws_msg"}
{"payload":{"local_timestamp":1710491592352,"message_id":481,"stderr":true,"stdout":"\u001b[1;38;5;39mCOMET INFO:\u001b[0m     installed packages           : 1\n"},"type":"ws_msg"}
{"payload":{"local_timestamp":1710491592352,"message_id":482,"stderr":true,"stdout":"\u001b[1;38;5;39mCOMET INFO:\u001b[0m \n"},"type":"ws_msg"}
