{"offline_id": "97d7f8ae7aec47d1a4facff6afd38046", "project_name": "yolov5", "start_time": 1713033101878, "stop_time": 1713033166491, "tags": [], "workspace": null, "resume_strategy": "create", "customer_error_reported": true, "customer_error_message": "Unexpected error detected in the user script: AssertionError('Label class 3 exceeds nc=3 in C:\\\\Users\\\\PC\\\\Desktop\\\\graduation_project\\\\graduation_project\\\\yolov5\\\\data\\\\DataSet.yaml. Possible class labels are 0-2')", "user_provided_experiment_key": false, "comet_start_sourced": false}