{"offline_id": "c4040955c3e0483e9066b1b45d2c01f2", "project_name": "yolov5", "start_time": 1712934441744, "stop_time": 1713021209824, "tags": [], "workspace": null, "resume_strategy": "create", "customer_error_reported": true, "customer_error_message": "Unexpected error detected in the user script: RuntimeError('CUDA error: an illegal instruction was encountered\\nCUDA kernel errors might be asynchronously reported at some other API call,so the stacktrace below might be incorrect.\\nFor debugging consider passing CUDA_LAUNCH_BLOCKING=1.')", "user_provided_experiment_key": false, "comet_start_sourced": false}